run_id,experiment_id,status,artifact_uri,start_time,end_time,metrics.best_iteration,metrics.diag_n_pos,metrics.val_pr_auc,metrics.test_f1,metrics.threshold,metrics.fit_seconds,metrics.test_p_at_r50,metrics.test_roc_auc,metrics.diag_n,metrics.val_f1,metrics.test_pr_auc,metrics.diag_precision,metrics.diag_recall,metrics.ts_f1,metrics.test_p_at_r80,metrics.ts_pr_auc,params.trial0_source,params.model.n_estimators,params.sampler,params.trials_completed,params.seed,params.model.early_stopping_rounds,params.device,params.model.patience,params.model.epochs,params.model.weight_decay,params.model.layers,params.model.undirected,params.model.hidden,params.model.dropout,params.model.lr,params.feature_version,params.seeds,params.total_fits,params.dataset_version,tags.features,tags.mlflow.runName,tags.git_commit,tags.dataset,tags.mlflow.parentRunId,tags.mlflow.user,tags.mlflow.source.name,tags.model,tags.regime,tags.mlflow.source.type,tags.feature_version,tags.split_hash,tags.dataset_version,tags.kind
73db18a5fffd48d9b75ae0fb26e8e46a,1,FINISHED,/home/abhinawap/StudySes/mulegraph/mlruns/1/73db18a5fffd48d9b75ae0fb26e8e46a/artifacts,2026-09-17 01:47:32.629000+00:00,2026-09-17 01:47:32.749000+00:00,132.0,828.0,0.9719468018042966,0.7780979827089337,0.8880494236946106,1.0235169969996605,0.9951923076923077,0.8990655444949343,13123.0,0.9494949494949494,0.7389899462515834,0.9642857142857143,0.6521739130434783,0.03333333333333333,0.19425725168473484,0.20151491417692885,xgboost_defaults,1000,none,0,4,50,cuda,,,,,,,,,,,,,raw165,temporal.xgb.raw165.s4,afe6ef5,elliptic_pp,ba1e269a1401499aa54f6557e505a564,abhinawap,/home/abhinawap/StudySes/mulegraph/.venv/bin/mulegraph,xgb,temporal,LOCAL,none,f576c23d95a59084,2023.1,child
8713d18381e44acd84aaf11283157b21,1,FINISHED,/home/abhinawap/StudySes/mulegraph/mlruns/1/8713d18381e44acd84aaf11283157b21/artifacts,2026-09-17 01:47:31.296000+00:00,2026-09-17 01:47:31.448000+00:00,132.0,828.0,0.9719468018042966,0.7780979827089337,0.8880494236946106,1.0374808169999596,0.9951923076923077,0.8990655444949343,13123.0,0.9494949494949494,0.7389899462515834,0.9642857142857143,0.6521739130434783,0.03333333333333333,0.19425725168473484,0.20151491417692885,xgboost_defaults,1000,none,0,3,50,cuda,,,,,,,,,,,,,raw165,temporal.xgb.raw165.s3,afe6ef5,elliptic_pp,ba1e269a1401499aa54f6557e505a564,abhinawap,/home/abhinawap/StudySes/mulegraph/.venv/bin/mulegraph,xgb,temporal,LOCAL,none,f576c23d95a59084,2023.1,child
dcaed9afc5c948d29faa06ffbbc10a20,1,FINISHED,/home/abhinawap/StudySes/mulegraph/mlruns/1/dcaed9afc5c948d29faa06ffbbc10a20/artifacts,2026-09-17 01:47:29.939000+00:00,2026-09-17 01:47:30.094000+00:00,132.0,828.0,0.9719468018042966,0.7780979827089337,0.8880494236946106,1.0428287019999516,0.9951923076923077,0.8990655444949343,13123.0,0.9494949494949494,0.7389899462515834,0.9642857142857143,0.6521739130434783,0.03333333333333333,0.19425725168473484,0.20151491417692885,xgboost_defaults,1000,none,0,2,50,cuda,,,,,,,,,,,,,raw165,temporal.xgb.raw165.s2,afe6ef5,elliptic_pp,ba1e269a1401499aa54f6557e505a564,abhinawap,/home/abhinawap/StudySes/mulegraph/.venv/bin/mulegraph,xgb,temporal,LOCAL,none,f576c23d95a59084,2023.1,child
16b7915513ed45ca89312c0c1c2be933,1,FINISHED,/home/abhinawap/StudySes/mulegraph/mlruns/1/16b7915513ed45ca89312c0c1c2be933/artifacts,2026-09-17 01:47:28.568000+00:00,2026-09-17 01:47:28.729000+00:00,132.0,828.0,0.9719468018042966,0.7780979827089337,0.8880494236946106,1.0396834989996933,0.9951923076923077,0.8990655444949343,13123.0,0.9494949494949494,0.7389899462515834,0.9642857142857143,0.6521739130434783,0.03333333333333333,0.19425725168473484,0.20151491417692885,xgboost_defaults,1000,none,0,1,50,cuda,,,,,,,,,,,,,raw165,temporal.xgb.raw165.s1,afe6ef5,elliptic_pp,ba1e269a1401499aa54f6557e505a564,abhinawap,/home/abhinawap/StudySes/mulegraph/.venv/bin/mulegraph,xgb,temporal,LOCAL,none,f576c23d95a59084,2023.1,child
55125616ae5941a7855d75736007e850,1,FINISHED,/home/abhinawap/StudySes/mulegraph/mlruns/1/55125616ae5941a7855d75736007e850/artifacts,2026-09-17 01:47:27.210000+00:00,2026-09-17 01:47:27.370000+00:00,132.0,828.0,0.9719468018042966,0.7780979827089337,0.8880494236946106,1.0682247380000263,0.9951923076923077,0.8990655444949343,13123.0,0.9494949494949494,0.7389899462515834,0.9642857142857143,0.6521739130434783,0.03333333333333333,0.19425725168473484,0.20151491417692885,xgboost_defaults,1000,none,0,0,50,cuda,,,,,,,,,,,,,raw165,temporal.xgb.raw165.s0,afe6ef5,elliptic_pp,ba1e269a1401499aa54f6557e505a564,abhinawap,/home/abhinawap/StudySes/mulegraph/.venv/bin/mulegraph,xgb,temporal,LOCAL,none,f576c23d95a59084,2023.1,child
b4eb22f5cf55461e81ce67655dc7721a,1,FINISHED,/home/abhinawap/StudySes/mulegraph/mlruns/1/b4eb22f5cf55461e81ce67655dc7721a/artifacts,2026-09-17 01:47:25.799000+00:00,2026-09-17 01:47:25.961000+00:00,44.0,828.0,0.8531530703996523,0.5795531482735274,0.9131515026092529,17.240012194999963,0.708904109589041,0.8729391980165536,13123.0,0.836,0.5917248515688103,0.6594761171032357,0.5169082125603864,0.03225806451612903,0.18309859154929578,0.13816909986412945,sage_default_2x64,,neighbor,0,4,,cuda,20,200,0.0,2,True,64,0.2,0.001,,,,,base_gfp,temporal.sage.base_gfp.s4,afe6ef5,elliptic_pp,ba1e269a1401499aa54f6557e505a564,abhinawap,/home/abhinawap/StudySes/mulegraph/.venv/bin/mulegraph,sage,temporal,LOCAL,d6e912c8fcb83f3b,f576c23d95a59084,2023.1,child
1fdb8173e26e4c0b8394b97e573a2221,1,FINISHED,/home/abhinawap/StudySes/mulegraph/mlruns/1/1fdb8173e26e4c0b8394b97e573a2221/artifacts,2026-09-17 01:47:07.884000+00:00,2026-09-17 01:47:08.056000+00:00,26.0,828.0,0.8510595453676222,0.5529411764705883,0.9345040321350098,11.89817091499981,0.6216216216216216,0.8700002750420912,13123.0,0.8291666666666666,0.5831188687262674,0.706766917293233,0.45410628019323673,0.03125,0.17346938775510204,0.1035116587230763,sage_default_2x64,,neighbor,0,3,,cuda,20,200,0.0,2,True,64,0.2,0.001,,,,,base_gfp,temporal.sage.base_gfp.s3,afe6ef5,elliptic_pp,ba1e269a1401499aa54f6557e505a564,abhinawap,/home/abhinawap/StudySes/mulegraph/.venv/bin/mulegraph,sage,temporal,LOCAL,d6e912c8fcb83f3b,f576c23d95a59084,2023.1,child
2bcad2d27baa4aaa9fe0bd9c28365e60,1,FINISHED,/home/abhinawap/StudySes/mulegraph/mlruns/1/2bcad2d27baa4aaa9fe0bd9c28365e60/artifacts,2026-09-17 01:46:57.824000+00:00,2026-09-17 01:46:57.979000+00:00,22.0,828.0,0.8635275857930668,0.5796089385474861,0.9171208143234253,11.51477069099974,0.6911519198664441,0.8892929551897496,13123.0,0.8308977035490606,0.5969789987711395,0.6870860927152318,0.501207729468599,0.03125,0.20048382219534322,0.15219562834536104,sage_default_2x64,,neighbor,0,2,,cuda,20,200,0.0,2,True,64,0.2,0.001,,,,,base_gfp,temporal.sage.base_gfp.s2,afe6ef5,elliptic_pp,ba1e269a1401499aa54f6557e505a564,abhinawap,/home/abhinawap/StudySes/mulegraph/.venv/bin/mulegraph,sage,temporal,LOCAL,d6e912c8fcb83f3b,f576c23d95a59084,2023.1,child
ee79a114622847c185b507ffce18e591,1,FINISHED,/home/abhinawap/StudySes/mulegraph/mlruns/1/ee79a114622847c185b507ffce18e591/artifacts,2026-09-17 01:46:45.675000+00:00,2026-09-17 01:46:45.797000+00:00,9.0,828.0,0.8243597626461279,0.5477996965098634,0.9153380990028381,7.454343680999955,0.6499215070643642,0.87548540017642,13123.0,0.7966457023060797,0.5797810343024683,0.736734693877551,0.4359903381642512,0.03333333333333333,0.17813003761418592,0.11637383673385251,sage_default_2x64,,neighbor,0,1,,cuda,20,200,0.0,2,True,64,0.2,0.001,,,,,base_gfp,temporal.sage.base_gfp.s1,afe6ef5,elliptic_pp,ba1e269a1401499aa54f6557e505a564,abhinawap,/home/abhinawap/StudySes/mulegraph/.venv/bin/mulegraph,sage,temporal,LOCAL,d6e912c8fcb83f3b,f576c23d95a59084,2023.1,child
62ea6c5e4b40480aa1a9ca22a281e29e,1,FINISHED,/home/abhinawap/StudySes/mulegraph/mlruns/1/62ea6c5e4b40480aa1a9ca22a281e29e/artifacts,2026-09-17 01:46:37.612000+00:00,2026-09-17 01:46:37.768000+00:00,37.0,828.0,0.8476307084134741,0.538961038961039,0.8506959080696106,16.323717046000183,0.5872340425531914,0.8798005159003797,13123.0,0.8140900195694716,0.53460262706662,0.5828651685393258,0.501207729468599,0.030303030303030304,0.1936897458369851,0.1559489827458226,sage_default_2x64,,neighbor,0,0,,cuda,20,200,0.0,2,True,64,0.2,0.001,,,,,base_gfp,temporal.sage.base_gfp.s0,afe6ef5,elliptic_pp,ba1e269a1401499aa54f6557e505a564,abhinawap,/home/abhinawap/StudySes/mulegraph/.venv/bin/mulegraph,sage,temporal,LOCAL,d6e912c8fcb83f3b,f576c23d95a59084,2023.1,child
8930317bb3e34591a4c2ce2897b10d5b,1,FINISHED,/home/abhinawap/StudySes/mulegraph/mlruns/1/8930317bb3e34591a4c2ce2897b10d5b/artifacts,2026-09-17 01:46:23.101000+00:00,2026-09-17 01:46:23.264000+00:00,46.0,828.0,0.8817960268033376,0.5531914893617021,0.878978967666626,18.332359659999838,0.6179104477611941,0.8839278171677343,13123.0,0.8505263157894736,0.497665870334792,0.6153846153846154,0.5024154589371981,0.03278688524590164,0.20387453874538744,0.1573847107387291,sage_default_2x64,,neighbor,0,4,,cuda,20,200,0.0,2,True,64,0.2,0.001,,,,,base,temporal.sage.base.s4,afe6ef5,elliptic_pp,ba1e269a1401499aa54f6557e505a564,abhinawap,/home/abhinawap/StudySes/mulegraph/.venv/bin/mulegraph,sage,temporal,LOCAL,none,f576c23d95a59084,2023.1,child
0395d249f6da4547b56e5eb302c7bd3e,1,FINISHED,/home/abhinawap/StudySes/mulegraph/mlruns/1/0395d249f6da4547b56e5eb302c7bd3e/artifacts,2026-09-17 01:46:04.200000+00:00,2026-09-17 01:46:04.366000+00:00,57.0,828.0,0.887290087425322,0.6032540675844806,0.8765307664871216,19.836423470000227,0.75,0.8861534479473019,13123.0,0.8492063492063491,0.5693225384932933,0.625974025974026,0.5821256038647343,0.03278688524590164,0.20331186752529898,0.1406693594499176,sage_default_2x64,,neighbor,0,3,,cuda,20,200,0.0,2,True,64,0.2,0.001,,,,,base,temporal.sage.base.s3,afe6ef5,elliptic_pp,ba1e269a1401499aa54f6557e505a564,abhinawap,/home/abhinawap/StudySes/mulegraph/.venv/bin/mulegraph,sage,temporal,LOCAL,none,f576c23d95a59084,2023.1,child
d74a8591c0cb4c22a157688881c69c47,1,FINISHED,/home/abhinawap/StudySes/mulegraph/mlruns/1/d74a8591c0cb4c22a157688881c69c47/artifacts,2026-09-17 01:45:46.278000+00:00,2026-09-17 01:45:46.444000+00:00,55.0,828.0,0.8807447026325861,0.5984138428262437,0.9341129660606384,19.51025894600025,0.7432675044883303,0.8885656162023366,13123.0,0.8493723849372383,0.5755528153182644,0.7423971377459749,0.501207729468599,0.034482758620689655,0.2050726879059697,0.15572370012000925,sage_default_2x64,,neighbor,0,2,,cuda,20,200,0.0,2,True,64,0.2,0.001,,,,,base,temporal.sage.base.s2,afe6ef5,elliptic_pp,ba1e269a1401499aa54f6557e505a564,abhinawap,/home/abhinawap/StudySes/mulegraph/.venv/bin/mulegraph,sage,temporal,LOCAL,none,f576c23d95a59084,2023.1,child
8dba826aacf64120bb2bedc44cc6c1a1,1,FINISHED,/home/abhinawap/StudySes/mulegraph/mlruns/1/8dba826aacf64120bb2bedc44cc6c1a1/artifacts,2026-09-17 01:45:28.627000+00:00,2026-09-17 01:45:28.806000+00:00,65.0,828.0,0.8698650442105655,0.5789473684210527,0.9090837240219116,24.278970403999665,0.6877076411960132,0.874436753088821,13123.0,0.8481012658227848,0.5510317460011176,0.7041522491349481,0.4915458937198068,0.03278688524590164,0.18509212730318259,0.125125982868856,sage_default_2x64,,neighbor,0,1,,cuda,20,200,0.0,2,True,64,0.2,0.001,,,,,base,temporal.sage.base.s1,afe6ef5,elliptic_pp,ba1e269a1401499aa54f6557e505a564,abhinawap,/home/abhinawap/StudySes/mulegraph/.venv/bin/mulegraph,sage,temporal,LOCAL,none,f576c23d95a59084,2023.1,child
e7eb3435711b4f069163f3f5f149cbe5,1,FINISHED,/home/abhinawap/StudySes/mulegraph/mlruns/1/e7eb3435711b4f069163f3f5f149cbe5/artifacts,2026-09-17 01:45:06.289000+00:00,2026-09-17 01:45:06.445000+00:00,79.0,828.0,0.8714621376220475,0.6228610540725531,0.9744946956634521,25.28971225400028,0.7275922671353251,0.8850167873904987,13123.0,0.8613445378151261,0.5557830529752243,0.7187993680884676,0.5495169082125604,0.034482758620689655,0.20431432973805855,0.13406060015194454,sage_default_2x64,,neighbor,0,0,,cuda,20,200,0.0,2,True,64,0.2,0.001,,,,,base,temporal.sage.base.s0,afe6ef5,elliptic_pp,ba1e269a1401499aa54f6557e505a564,abhinawap,/home/abhinawap/StudySes/mulegraph/.venv/bin/mulegraph,sage,temporal,LOCAL,none,f576c23d95a59084,2023.1,child
f8092475bcaf4131ac6ff5c3dd4addfd,1,FINISHED,/home/abhinawap/StudySes/mulegraph/mlruns/1/f8092475bcaf4131ac6ff5c3dd4addfd/artifacts,2026-09-17 01:44:40.448000+00:00,2026-09-17 01:44:40.598000+00:00,182.0,828.0,0.9586351655543043,0.718299164768413,0.9708261489868164,1.0995899680001457,0.9975903614457832,0.8748915057179286,13123.0,0.9382716049382716,0.7148052327148748,0.967280163599182,0.571256038647343,0.03508771929824561,0.1588785046728972,0.14020357858066365,xgboost_defaults,1000,none,0,4,50,cuda,,,,,,,,,,,,,base_gfp,temporal.xgb.base_gfp.s4,afe6ef5,elliptic_pp,ba1e269a1401499aa54f6557e505a564,abhinawap,/home/abhinawap/StudySes/mulegraph/.venv/bin/mulegraph,xgb,temporal,LOCAL,d6e912c8fcb83f3b,f576c23d95a59084,2023.1,child
d3212171969b41c383d201a4229bc443,1,FINISHED,/home/abhinawap/StudySes/mulegraph/mlruns/1/d3212171969b41c383d201a4229bc443/artifacts,2026-09-17 01:44:39.011000+00:00,2026-09-17 01:44:39.163000+00:00,182.0,828.0,0.9586351655543043,0.718299164768413,0.9708261489868164,1.1241866450000089,0.9975903614457832,0.8748915057179286,13123.0,0.9382716049382716,0.7148052327148748,0.967280163599182,0.571256038647343,0.03508771929824561,0.1588785046728972,0.14020357858066365,xgboost_defaults,1000,none,0,3,50,cuda,,,,,,,,,,,,,base_gfp,temporal.xgb.base_gfp.s3,afe6ef5,elliptic_pp,ba1e269a1401499aa54f6557e505a564,abhinawap,/home/abhinawap/StudySes/mulegraph/.venv/bin/mulegraph,xgb,temporal,LOCAL,d6e912c8fcb83f3b,f576c23d95a59084,2023.1,child
b360fd8b5c0e426c8b0bc09b32152c71,1,FINISHED,/home/abhinawap/StudySes/mulegraph/mlruns/1/b360fd8b5c0e426c8b0bc09b32152c71/artifacts,2026-09-17 01:44:37.572000+00:00,2026-09-17 01:44:37.727000+00:00,182.0,828.0,0.9586351655543043,0.718299164768413,0.9708261489868164,1.1466835530000026,0.9975903614457832,0.8748915057179286,13123.0,0.9382716049382716,0.7148052327148748,0.967280163599182,0.571256038647343,0.03508771929824561,0.1588785046728972,0.14020357858066365,xgboost_defaults,1000,none,0,2,50,cuda,,,,,,,,,,,,,base_gfp,temporal.xgb.base_gfp.s2,afe6ef5,elliptic_pp,ba1e269a1401499aa54f6557e505a564,abhinawap,/home/abhinawap/StudySes/mulegraph/.venv/bin/mulegraph,xgb,temporal,LOCAL,d6e912c8fcb83f3b,f576c23d95a59084,2023.1,child
541c889a6c8f4ee8a0c310b519db01bc,1,FINISHED,/home/abhinawap/StudySes/mulegraph/mlruns/1/541c889a6c8f4ee8a0c310b519db01bc/artifacts,2026-09-17 01:44:37.138000+00:00,2026-09-17 01:44:34.822000+00:00,182.0,828.0,0.9586351655543043,0.718299164768413,0.9708261489868164,1.1171159509999598,0.9975903614457832,0.8748915057179286,13123.0,0.9382716049382716,0.7148052327148748,0.967280163599182,0.571256038647343,0.03508771929824561,0.1588785046728972,0.14020357858066365,xgboost_defaults,1000,none,0,0,50,cuda,,,,,,,,,,,,,base_gfp,temporal.xgb.base_gfp.s0,afe6ef5,elliptic_pp,ba1e269a1401499aa54f6557e505a564,abhinawap,/home/abhinawap/StudySes/mulegraph/.venv/bin/mulegraph,xgb,temporal,LOCAL,d6e912c8fcb83f3b,f576c23d95a59084,2023.1,child
a0e417dab6234ff692be174059623fcf,1,FINISHED,/home/abhinawap/StudySes/mulegraph/mlruns/1/a0e417dab6234ff692be174059623fcf/artifacts,2026-09-17 01:44:36.122000+00:00,2026-09-17 01:44:36.268000+00:00,182.0,828.0,0.9586351655543043,0.718299164768413,0.9708261489868164,1.1195056439996733,0.9975903614457832,0.8748915057179286,13123.0,0.9382716049382716,0.7148052327148748,0.967280163599182,0.571256038647343,0.03508771929824561,0.1588785046728972,0.14020357858066365,xgboost_defaults,1000,none,0,1,50,cuda,,,,,,,,,,,,,base_gfp,temporal.xgb.base_gfp.s1,afe6ef5,elliptic_pp,ba1e269a1401499aa54f6557e505a564,abhinawap,/home/abhinawap/StudySes/mulegraph/.venv/bin/mulegraph,xgb,temporal,LOCAL,d6e912c8fcb83f3b,f576c23d95a59084,2023.1,child
88ea5cef787043c1a63b782c7ff67c15,1,FINISHED,/home/abhinawap/StudySes/mulegraph/mlruns/1/88ea5cef787043c1a63b782c7ff67c15/artifacts,2026-09-17 01:44:35.684000+00:00,2026-09-17 01:44:35.850000+00:00,59.0,828.0,0.959444297262492,0.7215007215007215,0.8715395331382751,0.6315247719999206,0.9833729216152018,0.9106901002528422,13123.0,0.9308943089430894,0.7264431258771145,0.8960573476702509,0.6038647342995169,0.0,0.19592198581560283,0.22875152624571563,xgboost_defaults,1000,none,0,4,50,cuda,,,,,,,,,,,,,base,temporal.xgb.base.s4,afe6ef5,elliptic_pp,ba1e269a1401499aa54f6557e505a564,abhinawap,/home/abhinawap/StudySes/mulegraph/.venv/bin/mulegraph,xgb,temporal,LOCAL,none,f576c23d95a59084,2023.1,child
c809eda9e11340c0b547d40266d212e2,1,FINISHED,/home/abhinawap/StudySes/mulegraph/mlruns/1/c809eda9e11340c0b547d40266d212e2/artifacts,2026-09-17 01:44:34.744000+00:00,2026-09-17 01:44:34.896000+00:00,59.0,828.0,0.959444297262492,0.7215007215007215,0.8715395331382751,0.6882971889999681,0.9833729216152018,0.9106901002528422,13123.0,0.9308943089430894,0.7264431258771145,0.8960573476702509,0.6038647342995169,0.0,0.19592198581560283,0.22875152624571563,xgboost_defaults,1000,none,0,3,50,cuda,,,,,,,,,,,,,base,temporal.xgb.base.s3,afe6ef5,elliptic_pp,ba1e269a1401499aa54f6557e505a564,abhinawap,/home/abhinawap/StudySes/mulegraph/.venv/bin/mulegraph,xgb,temporal,LOCAL,none,f576c23d95a59084,2023.1,child
eec383310c7c4c0e83691b4c9990f0a0,1,FINISHED,/home/abhinawap/StudySes/mulegraph/mlruns/1/eec383310c7c4c0e83691b4c9990f0a0/artifacts,2026-09-17 01:44:33.743000+00:00,2026-09-17 01:44:33.899000+00:00,59.0,828.0,0.959444297262492,0.7215007215007215,0.8715395331382751,0.7070298230000844,0.9833729216152018,0.9106901002528422,13123.0,0.9308943089430894,0.7264431258771145,0.8960573476702509,0.6038647342995169,0.0,0.19592198581560283,0.22875152624571563,xgboost_defaults,1000,none,0,2,50,cuda,,,,,,,,,,,,,base,temporal.xgb.base.s2,afe6ef5,elliptic_pp,ba1e269a1401499aa54f6557e505a564,abhinawap,/home/abhinawap/StudySes/mulegraph/.venv/bin/mulegraph,xgb,temporal,LOCAL,none,f576c23d95a59084,2023.1,child
3c97bb4688924f559c2c2e2650bac5be,1,FINISHED,/home/abhinawap/StudySes/mulegraph/mlruns/1/3c97bb4688924f559c2c2e2650bac5be/artifacts,2026-09-17 01:44:32.738000+00:00,2026-09-17 01:44:32.860000+00:00,59.0,828.0,0.959444297262492,0.7215007215007215,0.8715395331382751,0.7077575040002557,0.9833729216152018,0.9106901002528422,13123.0,0.9308943089430894,0.7264431258771145,0.8960573476702509,0.6038647342995169,0.0,0.19592198581560283,0.22875152624571563,xgboost_defaults,1000,none,0,1,50,cuda,,,,,,,,,,,,,base,temporal.xgb.base.s1,afe6ef5,elliptic_pp,ba1e269a1401499aa54f6557e505a564,abhinawap,/home/abhinawap/StudySes/mulegraph/.venv/bin/mulegraph,xgb,temporal,LOCAL,none,f576c23d95a59084,2023.1,child
c1371af1109649b1b8a8799a83718416,1,FINISHED,/home/abhinawap/StudySes/mulegraph/mlruns/1/c1371af1109649b1b8a8799a83718416/artifacts,2026-09-17 01:44:31.717000+00:00,2026-09-17 01:44:31.877000+00:00,59.0,828.0,0.959444297262492,0.7215007215007215,0.8715395331382751,0.6564626469998984,0.9833729216152018,0.9106901002528422,13123.0,0.9308943089430894,0.7264431258771145,0.8960573476702509,0.6038647342995169,0.0,0.19592198581560283,0.22875152624571563,xgboost_defaults,1000,none,0,0,50,cuda,,,,,,,,,,,,,base,temporal.xgb.base.s0,afe6ef5,elliptic_pp,ba1e269a1401499aa54f6557e505a564,abhinawap,/home/abhinawap/StudySes/mulegraph/.venv/bin/mulegraph,xgb,temporal,LOCAL,none,f576c23d95a59084,2023.1,child
993854000504498fb00b8133dae5d58a,1,FINISHED,/home/abhinawap/StudySes/mulegraph/mlruns/1/993854000504498fb00b8133dae5d58a/artifacts,2026-09-17 01:44:30.528000+00:00,2026-09-17 01:44:30.899000+00:00,98.0,682.0,0.9874967080108566,0.9590643274853801,0.27313119173049927,0.9753895419999026,1.0,0.9970534907968696,6985.0,0.9616519174041299,0.990981027617838,0.956268221574344,0.9618768328445748,1.0,1.0,1.0,xgboost_defaults,1000,none,0,4,50,cuda,,,,,,,,,,,,,raw165,random.xgb.raw165.s4,afe6ef5,elliptic_pp,ba1e269a1401499aa54f6557e505a564,abhinawap,/home/abhinawap/StudySes/mulegraph/.venv/bin/mulegraph,xgb,random,LOCAL,none,408c823763f1f17f,2023.1,child
0250a76c3d544301b766924494e8aec7,1,FINISHED,/home/abhinawap/StudySes/mulegraph/mlruns/1/0250a76c3d544301b766924494e8aec7/artifacts,2026-09-17 01:44:28.813000+00:00,2026-09-17 01:44:29.153000+00:00,98.0,682.0,0.9874967080108566,0.9590643274853801,0.27313119173049927,0.9980251329998282,1.0,0.9970534907968696,6985.0,0.9616519174041299,0.990981027617838,0.956268221574344,0.9618768328445748,1.0,1.0,1.0,xgboost_defaults,1000,none,0,3,50,cuda,,,,,,,,,,,,,raw165,random.xgb.raw165.s3,afe6ef5,elliptic_pp,ba1e269a1401499aa54f6557e505a564,abhinawap,/home/abhinawap/StudySes/mulegraph/.venv/bin/mulegraph,xgb,random,LOCAL,none,408c823763f1f17f,2023.1,child
96dd66aa25af4a4a9331a265dba27bfb,1,FINISHED,/home/abhinawap/StudySes/mulegraph/mlruns/1/96dd66aa25af4a4a9331a265dba27bfb/artifacts,2026-09-17 01:44:27.030000+00:00,2026-09-17 01:44:27.410000+00:00,98.0,682.0,0.9874967080108566,0.9590643274853801,0.27313119173049927,1.033393230999991,1.0,0.9970534907968696,6985.0,0.9616519174041299,0.990981027617838,0.956268221574344,0.9618768328445748,1.0,1.0,1.0,xgboost_defaults,1000,none,0,2,50,cuda,,,,,,,,,,,,,raw165,random.xgb.raw165.s2,afe6ef5,elliptic_pp,ba1e269a1401499aa54f6557e505a564,abhinawap,/home/abhinawap/StudySes/mulegraph/.venv/bin/mulegraph,xgb,random,LOCAL,none,408c823763f1f17f,2023.1,child
9cc23f353d2a45489400a9af8448cce0,1,FINISHED,/home/abhinawap/StudySes/mulegraph/mlruns/1/9cc23f353d2a45489400a9af8448cce0/artifacts,2026-09-17 01:44:25.240000+00:00,2026-09-17 01:44:25.589000+00:00,98.0,682.0,0.9874967080108566,0.9590643274853801,0.27313119173049927,0.984298597000361,1.0,0.9970534907968696,6985.0,0.9616519174041299,0.990981027617838,0.956268221574344,0.9618768328445748,1.0,1.0,1.0,xgboost_defaults,1000,none,0,1,50,cuda,,,,,,,,,,,,,raw165,random.xgb.raw165.s1,afe6ef5,elliptic_pp,ba1e269a1401499aa54f6557e505a564,abhinawap,/home/abhinawap/StudySes/mulegraph/.venv/bin/mulegraph,xgb,random,LOCAL,none,408c823763f1f17f,2023.1,child
f17c00fa522f4d6187e606dbf29f9370,1,FINISHED,/home/abhinawap/StudySes/mulegraph/mlruns/1/f17c00fa522f4d6187e606dbf29f9370/artifacts,2026-09-17 01:44:23.431000+00:00,2026-09-17 01:44:23.824000+00:00,98.0,682.0,0.9874967080108566,0.9590643274853801,0.27313119173049927,1.094906506999905,1.0,0.9970534907968696,6985.0,0.9616519174041299,0.990981027617838,0.956268221574344,0.9618768328445748,1.0,1.0,1.0,xgboost_defaults,1000,none,0,0,50,cuda,,,,,,,,,,,,,raw165,random.xgb.raw165.s0,afe6ef5,elliptic_pp,ba1e269a1401499aa54f6557e505a564,abhinawap,/home/abhinawap/StudySes/mulegraph/.venv/bin/mulegraph,xgb,random,LOCAL,none,408c823763f1f17f,2023.1,child
ef8dd94de1b24ddbb8ec7b3f9af2a516,1,FINISHED,/home/abhinawap/StudySes/mulegraph/mlruns/1/ef8dd94de1b24ddbb8ec7b3f9af2a516/artifacts,2026-09-17 01:44:21.552000+00:00,2026-09-17 01:44:21.916000+00:00,112.0,682.0,0.9497561094096668,0.887762490948588,0.5869677066802979,41.74296828200022,0.9941690962099126,0.9885255729362222,6985.0,0.8944281524926686,0.9483778627241498,0.876967095851216,0.8988269794721407,0.8695652173913043,0.9820143884892086,0.8375869080414536,sage_default_2x64,,neighbor,0,4,,cuda,20,200,0.0,2,True,64,0.2,0.001,,,,,base_gfp,random.sage.base_gfp.s4,afe6ef5,elliptic_pp,ba1e269a1401499aa54f6557e505a564,abhinawap,/home/abhinawap/StudySes/mulegraph/.venv/bin/mulegraph,sage,random,LOCAL,d6e912c8fcb83f3b,408c823763f1f17f,2023.1,child
3f58a398d1ca4c5dae0baff0603983c4,1,FINISHED,/home/abhinawap/StudySes/mulegraph/mlruns/1/3f58a398d1ca4c5dae0baff0603983c4/artifacts,2026-09-17 01:43:41.066000+00:00,2026-09-17 01:43:41.469000+00:00,141.0,682.0,0.949083975564329,0.9024943310657596,0.852774441242218,47.34099556399997,0.9912790697674418,0.9870838398881882,6985.0,0.9107551487414188,0.9444816296860001,0.9313572542901716,0.875366568914956,0.8181818181818182,0.978494623655914,0.7778072937163847,sage_default_2x64,,neighbor,0,3,,cuda,20,200,0.0,2,True,64,0.2,0.001,,,,,base_gfp,random.sage.base_gfp.s3,afe6ef5,elliptic_pp,ba1e269a1401499aa54f6557e505a564,abhinawap,/home/abhinawap/StudySes/mulegraph/.venv/bin/mulegraph,sage,random,LOCAL,d6e912c8fcb83f3b,408c823763f1f17f,2023.1,child
8f85ae4a1bfd4d31a70d53e9585f578c,1,FINISHED,/home/abhinawap/StudySes/mulegraph/mlruns/1/8f85ae4a1bfd4d31a70d53e9585f578c/artifacts,2026-09-17 01:42:57.392000+00:00,2026-09-17 01:42:57.816000+00:00,128.0,682.0,0.9440265130760971,0.8973384030418251,0.9116024971008301,43.99720697299972,0.9912790697674418,0.9872613376398056,6985.0,0.8875286916602908,0.9465405731944094,0.9320695102685624,0.8651026392961877,0.8695652173913043,0.9802513464991023,0.8712592962592963,sage_default_2x64,,neighbor,0,2,,cuda,20,200,0.0,2,True,64,0.2,0.001,,,,,base_gfp,random.sage.base_gfp.s2,afe6ef5,elliptic_pp,ba1e269a1401499aa54f6557e505a564,abhinawap,/home/abhinawap/StudySes/mulegraph/.venv/bin/mulegraph,sage,random,LOCAL,d6e912c8fcb83f3b,408c823763f1f17f,2023.1,child
449328130c1b4cfaa7bbe6559258d86e,1,FINISHED,/home/abhinawap/StudySes/mulegraph/mlruns/1/449328130c1b4cfaa7bbe6559258d86e/artifacts,2026-09-17 01:42:14.758000+00:00,2026-09-17 01:42:15.118000+00:00,123.0,682.0,0.9463599418376225,0.9019011406844106,0.8576220273971558,43.626305969999976,1.0,0.9878208161360577,6985.0,0.8927756653992396,0.951121221113299,0.9368088467614534,0.8695014662756598,0.8695652173913043,0.9698046181172292,0.8502459661550572,sage_default_2x64,,neighbor,0,1,,cuda,20,200,0.0,2,True,64,0.2,0.001,,,,,base_gfp,random.sage.base_gfp.s1,afe6ef5,elliptic_pp,ba1e269a1401499aa54f6557e505a564,abhinawap,/home/abhinawap/StudySes/mulegraph/.venv/bin/mulegraph,sage,random,LOCAL,d6e912c8fcb83f3b,408c823763f1f17f,2023.1,child
f408fc1108254ae7b050e8761a8cd4c3,1,FINISHED,/home/abhinawap/StudySes/mulegraph/mlruns/1/f408fc1108254ae7b050e8761a8cd4c3/artifacts,2026-09-17 01:41:34.878000+00:00,2026-09-17 01:41:35.298000+00:00,76.0,682.0,0.9431639997659251,0.9081404032860344,0.8366110920906067,37.29320016600013,0.9941690962099126,0.987308329180863,6985.0,0.8942965779467681,0.9514222744623251,0.9254185692541856,0.8914956011730205,0.8181818181818182,0.9802513464991023,0.7799828958919868,sage_default_2x64,,neighbor,0,0,,cuda,20,200,0.0,2,True,64,0.2,0.001,,,,,base_gfp,random.sage.base_gfp.s0,afe6ef5,elliptic_pp,ba1e269a1401499aa54f6557e505a564,abhinawap,/home/abhinawap/StudySes/mulegraph/.venv/bin/mulegraph,sage,random,LOCAL,d6e912c8fcb83f3b,408c823763f1f17f,2023.1,child
085d35c6e52649c08100a6f0bbaf64cc,1,FINISHED,/home/abhinawap/StudySes/mulegraph/mlruns/1/085d35c6e52649c08100a6f0bbaf64cc/artifacts,2026-09-17 01:40:58.766000+00:00,2026-09-17 01:40:59.174000+00:00,112.0,682.0,0.9468053155013423,0.9076923076923077,0.9193117022514343,37.2748308109999,0.9912790697674418,0.9882987573296336,6985.0,0.8959136468774094,0.9458867723223512,0.9546925566343042,0.8651026392961877,0.8695652173913043,0.978494623655914,0.8478433182978639,sage_default_2x64,,neighbor,0,4,,cuda,20,200,0.0,2,True,64,0.2,0.001,,,,,base,random.sage.base.s4,afe6ef5,elliptic_pp,ba1e269a1401499aa54f6557e505a564,abhinawap,/home/abhinawap/StudySes/mulegraph/.venv/bin/mulegraph,sage,random,LOCAL,none,408c823763f1f17f,2023.1,child
4fe38c484a334f7fa206639bbf8f54e3,1,FINISHED,/home/abhinawap/StudySes/mulegraph/mlruns/1/4fe38c484a334f7fa206639bbf8f54e3/artifacts,2026-09-17 01:40:22.698000+00:00,2026-09-17 01:40:23.183000+00:00,111.0,682.0,0.9450189594343463,0.9011152416356877,0.7017359733581543,36.85707800199998,0.9941690962099126,0.9876861225604527,6985.0,0.8954781319495922,0.9526351860779335,0.9140271493212669,0.8885630498533724,0.8695652173913043,0.9891304347826086,0.919055439509985,sage_default_2x64,,neighbor,0,3,,cuda,20,200,0.0,2,True,64,0.2,0.001,,,,,base,random.sage.base.s3,afe6ef5,elliptic_pp,ba1e269a1401499aa54f6557e505a564,abhinawap,/home/abhinawap/StudySes/mulegraph/.venv/bin/mulegraph,sage,random,LOCAL,none,408c823763f1f17f,2023.1,child
28b9bd9f56894a7caa131bcd1f60453a,1,FINISHED,/home/abhinawap/StudySes/mulegraph/mlruns/1/28b9bd9f56894a7caa131bcd1f60453a/artifacts,2026-09-17 01:39:47.059000+00:00,2026-09-17 01:39:47.495000+00:00,133.0,682.0,0.9473312510772594,0.9013209013209014,0.8772206902503967,43.62526918699996,0.9970760233918129,0.9893301286032858,6985.0,0.9003115264797509,0.9567050330921938,0.9586776859504132,0.8504398826979472,0.8695652173913043,0.9855595667870036,0.8781463486008941,sage_default_2x64,,neighbor,0,2,,cuda,20,200,0.0,2,True,64,0.2,0.001,,,,,base,random.sage.base.s2,afe6ef5,elliptic_pp,ba1e269a1401499aa54f6557e505a564,abhinawap,/home/abhinawap/StudySes/mulegraph/.venv/bin/mulegraph,sage,random,LOCAL,none,408c823763f1f17f,2023.1,child
dec738d849d44072a433b24112230c96,1,FINISHED,/home/abhinawap/StudySes/mulegraph/mlruns/1/dec738d849d44072a433b24112230c96/artifacts,2026-09-17 01:39:07.140000+00:00,2026-09-17 01:39:07.560000+00:00,166.0,682.0,0.948333974145615,0.9079939668174962,0.7488333582878113,51.920175813999776,0.9941690962099126,0.9886468902068233,6985.0,0.9003021148036254,0.9544050788922435,0.9347826086956522,0.8826979472140762,0.8695652173913043,0.9873417721518988,0.8165990575081484,sage_default_2x64,,neighbor,0,1,,cuda,20,200,0.0,2,True,64,0.2,0.001,,,,,base,random.sage.base.s1,afe6ef5,elliptic_pp,ba1e269a1401499aa54f6557e505a564,abhinawap,/home/abhinawap/StudySes/mulegraph/.venv/bin/mulegraph,sage,random,LOCAL,none,408c823763f1f17f,2023.1,child
ddb0869f8fac445c8cb5a1bbdbb3e6b5,1,FINISHED,/home/abhinawap/StudySes/mulegraph/mlruns/1/ddb0869f8fac445c8cb5a1bbdbb3e6b5/artifacts,2026-09-17 01:38:16.561000+00:00,2026-09-17 01:38:16.962000+00:00,124.0,682.0,0.9465479015198028,0.9172361427486713,0.8810242414474487,44.12000761700028,0.9941690962099126,0.9882058210887802,6985.0,0.8972392638036811,0.9548546186759248,0.9511811023622048,0.8856304985337243,0.8695652173913043,0.9891304347826086,0.9226124885215794,sage_default_2x64,,neighbor,0,0,,cuda,20,200,0.0,2,True,64,0.2,0.001,,,,,base,random.sage.base.s0,afe6ef5,elliptic_pp,ba1e269a1401499aa54f6557e505a564,abhinawap,/home/abhinawap/StudySes/mulegraph/.venv/bin/mulegraph,sage,random,LOCAL,none,408c823763f1f17f,2023.1,child
a6c0d74ba081427baa909bea61dd16c2,1,FINISHED,/home/abhinawap/StudySes/mulegraph/mlruns/1/a6c0d74ba081427baa909bea61dd16c2/artifacts,2026-09-17 01:37:34.988000+00:00,2026-09-17 01:37:35.367000+00:00,165.0,682.0,0.9804380920980631,0.9495861550037622,0.5456243753433228,1.1645613069999854,1.0,0.9969260087943971,6985.0,0.9434815373021854,0.9868653520488493,0.9752704791344667,0.9252199413489736,0.9523809523809523,1.0,0.9805194805194806,xgboost_defaults,1000,none,0,4,50,cuda,,,,,,,,,,,,,base_gfp,random.xgb.base_gfp.s4,afe6ef5,elliptic_pp,ba1e269a1401499aa54f6557e505a564,abhinawap,/home/abhinawap/StudySes/mulegraph/.venv/bin/mulegraph,xgb,random,LOCAL,d6e912c8fcb83f3b,408c823763f1f17f,2023.1,child
85e473604f9b461abc55080e2690cb89,1,FINISHED,/home/abhinawap/StudySes/mulegraph/mlruns/1/85e473604f9b461abc55080e2690cb89/artifacts,2026-09-17 01:37:32.998000+00:00,2026-09-17 01:37:33.370000+00:00,165.0,682.0,0.9804380920980631,0.9495861550037622,0.5456243753433228,1.213854251000157,1.0,0.9969260087943971,6985.0,0.9434815373021854,0.9868653520488493,0.9752704791344667,0.9252199413489736,0.9523809523809523,1.0,0.9805194805194806,xgboost_defaults,1000,none,0,3,50,cuda,,,,,,,,,,,,,base_gfp,random.xgb.base_gfp.s3,afe6ef5,elliptic_pp,ba1e269a1401499aa54f6557e505a564,abhinawap,/home/abhinawap/StudySes/mulegraph/.venv/bin/mulegraph,xgb,random,LOCAL,d6e912c8fcb83f3b,408c823763f1f17f,2023.1,child
63c4379b6a854ed5ae92fa29dae2fdf9,1,FINISHED,/home/abhinawap/StudySes/mulegraph/mlruns/1/63c4379b6a854ed5ae92fa29dae2fdf9/artifacts,2026-09-17 01:37:30.971000+00:00,2026-09-17 01:37:31.342000+00:00,165.0,682.0,0.9804380920980631,0.9495861550037622,0.5456243753433228,1.1336234619998322,1.0,0.9969260087943971,6985.0,0.9434815373021854,0.9868653520488493,0.9752704791344667,0.9252199413489736,0.9523809523809523,1.0,0.9805194805194806,xgboost_defaults,1000,none,0,2,50,cuda,,,,,,,,,,,,,base_gfp,random.xgb.base_gfp.s2,afe6ef5,elliptic_pp,ba1e269a1401499aa54f6557e505a564,abhinawap,/home/abhinawap/StudySes/mulegraph/.venv/bin/mulegraph,xgb,random,LOCAL,d6e912c8fcb83f3b,408c823763f1f17f,2023.1,child
c2ed2f780f754b4f859064b03de31943,1,FINISHED,/home/abhinawap/StudySes/mulegraph/mlruns/1/c2ed2f780f754b4f859064b03de31943/artifacts,2026-09-17 01:37:29.020000+00:00,2026-09-17 01:37:29.401000+00:00,165.0,682.0,0.9804380920980631,0.9495861550037622,0.5456243753433228,1.1533155090000946,1.0,0.9969260087943971,6985.0,0.9434815373021854,0.9868653520488493,0.9752704791344667,0.9252199413489736,0.9523809523809523,1.0,0.9805194805194806,xgboost_defaults,1000,none,0,1,50,cuda,,,,,,,,,,,,,base_gfp,random.xgb.base_gfp.s1,afe6ef5,elliptic_pp,ba1e269a1401499aa54f6557e505a564,abhinawap,/home/abhinawap/StudySes/mulegraph/.venv/bin/mulegraph,xgb,random,LOCAL,d6e912c8fcb83f3b,408c823763f1f17f,2023.1,child
60108b13f1814f0d8f03390b7bf24dc8,1,FINISHED,/home/abhinawap/StudySes/mulegraph/mlruns/1/60108b13f1814f0d8f03390b7bf24dc8/artifacts,2026-09-17 01:37:27.061000+00:00,2026-09-17 01:37:27.425000+00:00,165.0,682.0,0.9804380920980631,0.9495861550037622,0.5456243753433228,1.1633765159999712,1.0,0.9969260087943971,6985.0,0.9434815373021854,0.9868653520488493,0.9752704791344667,0.9252199413489736,0.9523809523809523,1.0,0.9805194805194806,xgboost_defaults,1000,none,0,0,50,cuda,,,,,,,,,,,,,base_gfp,random.xgb.base_gfp.s0,afe6ef5,elliptic_pp,ba1e269a1401499aa54f6557e505a564,abhinawap,/home/abhinawap/StudySes/mulegraph/.venv/bin/mulegraph,xgb,random,LOCAL,d6e912c8fcb83f3b,408c823763f1f17f,2023.1,child
27b3d736eb5e46219e3714d8ac9dcbb6,1,FINISHED,/home/abhinawap/StudySes/mulegraph/mlruns/1/27b3d736eb5e46219e3714d8ac9dcbb6/artifacts,2026-09-17 01:37:25.091000+00:00,2026-09-17 01:37:25.484000+00:00,195.0,682.0,0.9805808649922023,0.9500756429652042,0.6896948218345642,1.210322068000096,1.0,0.996932755104747,6985.0,0.9429657794676807,0.9873041423044565,0.98125,0.9208211143695014,0.9523809523809523,1.0,0.9757575757575758,xgboost_defaults,1000,none,0,4,50,cuda,,,,,,,,,,,,,base,random.xgb.base.s4,afe6ef5,elliptic_pp,ba1e269a1401499aa54f6557e505a564,abhinawap,/home/abhinawap/StudySes/mulegraph/.venv/bin/mulegraph,xgb,random,LOCAL,none,408c823763f1f17f,2023.1,child
c4e0a0444acf4017851fded826ac9318,1,FINISHED,/home/abhinawap/StudySes/mulegraph/mlruns/1/c4e0a0444acf4017851fded826ac9318/artifacts,2026-09-17 01:37:23.045000+00:00,2026-09-17 01:37:23.436000+00:00,195.0,682.0,0.9805808649922023,0.9500756429652042,0.6896948218345642,1.2642972409998947,1.0,0.996932755104747,6985.0,0.9429657794676807,0.9873041423044565,0.98125,0.9208211143695014,0.9523809523809523,1.0,0.9757575757575758,xgboost_defaults,1000,none,0,3,50,cuda,,,,,,,,,,,,,base,random.xgb.base.s3,afe6ef5,elliptic_pp,ba1e269a1401499aa54f6557e505a564,abhinawap,/home/abhinawap/StudySes/mulegraph/.venv/bin/mulegraph,xgb,random,LOCAL,none,408c823763f1f17f,2023.1,child
630d9e22e5a84107af3110ddb64de2bd,1,FINISHED,/home/abhinawap/StudySes/mulegraph/mlruns/1/630d9e22e5a84107af3110ddb64de2bd/artifacts,2026-09-17 01:37:20.962000+00:00,2026-09-17 01:37:21.345000+00:00,195.0,682.0,0.9805808649922023,0.9500756429652042,0.6896948218345642,1.1697798949999196,1.0,0.996932755104747,6985.0,0.9429657794676807,0.9873041423044565,0.98125,0.9208211143695014,0.9523809523809523,1.0,0.9757575757575758,xgboost_defaults,1000,none,0,2,50,cuda,,,,,,,,,,,,,base,random.xgb.base.s2,afe6ef5,elliptic_pp,ba1e269a1401499aa54f6557e505a564,abhinawap,/home/abhinawap/StudySes/mulegraph/.venv/bin/mulegraph,xgb,random,LOCAL,none,408c823763f1f17f,2023.1,child
b3b55e264ba64af5b4c6c24742737231,1,FINISHED,/home/abhinawap/StudySes/mulegraph/mlruns/1/b3b55e264ba64af5b4c6c24742737231/artifacts,2026-09-17 01:37:18.962000+00:00,2026-09-17 01:37:19.347000+00:00,195.0,682.0,0.9805808649922023,0.9500756429652042,0.6896948218345642,1.305482476999714,1.0,0.996932755104747,6985.0,0.9429657794676807,0.9873041423044565,0.98125,0.9208211143695014,0.9523809523809523,1.0,0.9757575757575758,xgboost_defaults,1000,none,0,1,50,cuda,,,,,,,,,,,,,base,random.xgb.base.s1,afe6ef5,elliptic_pp,ba1e269a1401499aa54f6557e505a564,abhinawap,/home/abhinawap/StudySes/mulegraph/.venv/bin/mulegraph,xgb,random,LOCAL,none,408c823763f1f17f,2023.1,child
dc487b2e0ddc41318faa3602d6507ea2,1,FINISHED,/home/abhinawap/StudySes/mulegraph/mlruns/1/dc487b2e0ddc41318faa3602d6507ea2/artifacts,2026-09-17 01:37:16.826000+00:00,2026-09-17 01:37:17.213000+00:00,195.0,682.0,0.9805808649922023,0.9500756429652042,0.6896948218345642,1.7724895930000457,1.0,0.996932755104747,6985.0,0.9429657794676807,0.9873041423044565,0.98125,0.9208211143695014,0.9523809523809523,1.0,0.9757575757575758,xgboost_defaults,1000,none,0,0,50,cuda,,,,,,,,,,,,,base,random.xgb.base.s0,afe6ef5,elliptic_pp,ba1e269a1401499aa54f6557e505a564,abhinawap,/home/abhinawap/StudySes/mulegraph/.venv/bin/mulegraph,xgb,random,LOCAL,none,408c823763f1f17f,2023.1,child
ba1e269a1401499aa54f6557e505a564,1,FINISHED,/home/abhinawap/StudySes/mulegraph/mlruns/1/ba1e269a1401499aa54f6557e505a564/artifacts,2026-09-17 01:37:14.518000+00:00,2026-09-17 01:47:32.757000+00:00,,,,,,,,,,,,,,,,,,,,0,,,cuda,,,,,,,,,d6e912c8fcb83f3b,"[0, 1, 2, 3, 4]",50,2023.1,,elliptic_mvp.afe6ef5,afe6ef5,elliptic_pp,,abhinawap,/home/abhinawap/StudySes/mulegraph/.venv/bin/mulegraph,,,LOCAL,,,,parent
cbe9cf68543649ce9228237f098caae5,1,FINISHED,/home/abhinawap/StudySes/mulegraph/mlruns/1/cbe9cf68543649ce9228237f098caae5/artifacts,2026-09-15 15:41:48.525000+00:00,2026-09-15 15:41:48.622000+00:00,132.0,828.0,0.9719468018042966,0.7780979827089337,0.8880494236946106,0.9547419269993043,0.9951923076923077,0.8990655444949343,13123.0,0.9494949494949494,0.7389899462515834,0.9642857142857143,0.6521739130434783,,0.19425725168473484,,xgboost_defaults,1000,none,0,4,50,cuda,,,,,,,,,,,,,raw165,temporal.xgb.raw165.s4,ec4501f,elliptic_pp,341e0f93709f487187f8ca276ff60d6a,abhinawap,/home/abhinawap/StudySes/mulegraph/.venv/bin/mulegraph,xgb,temporal,LOCAL,none,f576c23d95a59084,2023.1,child
c4b44c4f558c45d084b11fbe43e5866f,1,FINISHED,/home/abhinawap/StudySes/mulegraph/mlruns/1/c4b44c4f558c45d084b11fbe43e5866f/artifacts,2026-09-15 15:41:48.286000+00:00,2026-09-15 15:41:48.350000+00:00,132.0,828.0,0.9719468018042966,0.7780979827089337,0.8880494236946106,0.9604130389998318,0.9951923076923077,0.8990655444949343,13123.0,0.9494949494949494,0.7389899462515834,0.9642857142857143,0.6521739130434783,,0.19425725168473484,,xgboost_defaults,1000,none,0,2,50,cuda,,,,,,,,,,,,,raw165,temporal.xgb.raw165.s2,ec4501f,elliptic_pp,341e0f93709f487187f8ca276ff60d6a,abhinawap,/home/abhinawap/StudySes/mulegraph/.venv/bin/mulegraph,xgb,temporal,LOCAL,none,f576c23d95a59084,2023.1,child
8d3fa15451cc429c96510c2496ba7f0b,1,FINISHED,/home/abhinawap/StudySes/mulegraph/mlruns/1/8d3fa15451cc429c96510c2496ba7f0b/artifacts,2026-09-15 15:41:47.488000+00:00,2026-09-15 15:41:47.515000+00:00,132.0,828.0,0.9719468018042966,0.7780979827089337,0.8880494236946106,0.9705556860008073,0.9951923076923077,0.8990655444949343,13123.0,0.9494949494949494,0.7389899462515834,0.9642857142857143,0.6521739130434783,,0.19425725168473484,,xgboost_defaults,1000,none,0,3,50,cuda,,,,,,,,,,,,,raw165,temporal.xgb.raw165.s3,ec4501f,elliptic_pp,341e0f93709f487187f8ca276ff60d6a,abhinawap,/home/abhinawap/StudySes/mulegraph/.venv/bin/mulegraph,xgb,temporal,LOCAL,none,f576c23d95a59084,2023.1,child
3160c7fe5e6e4da78a1e53deeb7aac4f,1,FINISHED,/home/abhinawap/StudySes/mulegraph/mlruns/1/3160c7fe5e6e4da78a1e53deeb7aac4f/artifacts,2026-09-15 15:41:47.248000+00:00,2026-09-15 15:41:47.276000+00:00,132.0,828.0,0.9719468018042966,0.7780979827089337,0.8880494236946106,0.9237597070004995,0.9951923076923077,0.8990655444949343,13123.0,0.9494949494949494,0.7389899462515834,0.9642857142857143,0.6521739130434783,,0.19425725168473484,,xgboost_defaults,1000,none,0,1,50,cuda,,,,,,,,,,,,,raw165,temporal.xgb.raw165.s1,ec4501f,elliptic_pp,341e0f93709f487187f8ca276ff60d6a,abhinawap,/home/abhinawap/StudySes/mulegraph/.venv/bin/mulegraph,xgb,temporal,LOCAL,none,f576c23d95a59084,2023.1,child
1a5447828fc3452fbacd83a7b9335cb3,1,FINISHED,/home/abhinawap/StudySes/mulegraph/mlruns/1/1a5447828fc3452fbacd83a7b9335cb3/artifacts,2026-09-15 15:41:46.206000+00:00,2026-09-15 15:41:46.272000+00:00,132.0,828.0,0.9719468018042966,0.7780979827089337,0.8880494236946106,1.1097230400000626,0.9951923076923077,0.8990655444949343,13123.0,0.9494949494949494,0.7389899462515834,0.9642857142857143,0.6521739130434783,,0.19425725168473484,,xgboost_defaults,1000,none,0,0,50,cuda,,,,,,,,,,,,,raw165,temporal.xgb.raw165.s0,ec4501f,elliptic_pp,341e0f93709f487187f8ca276ff60d6a,abhinawap,/home/abhinawap/StudySes/mulegraph/.venv/bin/mulegraph,xgb,temporal,LOCAL,none,f576c23d95a59084,2023.1,child
ec1b3f777c8b4e4eab6721ee0966f1eb,1,FINISHED,/home/abhinawap/StudySes/mulegraph/mlruns/1/ec1b3f777c8b4e4eab6721ee0966f1eb/artifacts,2026-09-15 15:41:44.963000+00:00,2026-09-15 15:41:45.032000+00:00,44.0,828.0,0.8542453916934004,0.5801729873586161,0.914787232875824,17.32715584899961,0.7288732394366197,0.872713958189673,13123.0,0.832,0.5954690804634446,0.6459259259259259,0.5265700483091788,,0.18442280945757997,,sage_default_2x64,,neighbor,0,4,,cuda,20,200,0.0,2,True,64,0.2,0.001,,,,,base_gfp,temporal.sage.base_gfp.s4,ec4501f,elliptic_pp,341e0f93709f487187f8ca276ff60d6a,abhinawap,/home/abhinawap/StudySes/mulegraph/.venv/bin/mulegraph,sage,temporal,LOCAL,d6e912c8fcb83f3b,f576c23d95a59084,2023.1,child
db97aaec93b143798163c8aaccb5b6e8,1,FINISHED,/home/abhinawap/StudySes/mulegraph/mlruns/1/db97aaec93b143798163c8aaccb5b6e8/artifacts,2026-09-15 15:41:27.169000+00:00,2026-09-15 15:41:27.245000+00:00,30.0,828.0,0.8469710238897945,0.5442574981711777,0.9336543679237366,12.735247766999237,0.6079295154185022,0.8740274806340899,13123.0,0.8371134020618557,0.5738255765298264,0.6901669758812616,0.4492753623188406,,0.18174342105263158,,sage_default_2x64,,neighbor,0,3,,cuda,20,200,0.0,2,True,64,0.2,0.001,,,,,base_gfp,temporal.sage.base_gfp.s3,ec4501f,elliptic_pp,341e0f93709f487187f8ca276ff60d6a,abhinawap,/home/abhinawap/StudySes/mulegraph/.venv/bin/mulegraph,sage,temporal,LOCAL,d6e912c8fcb83f3b,f576c23d95a59084,2023.1,child
c2088276a909489a89af798594a775d4,1,FINISHED,/home/abhinawap/StudySes/mulegraph/mlruns/1/c2088276a909489a89af798594a775d4/artifacts,2026-09-15 15:41:15.781000+00:00,2026-09-15 15:41:15.860000+00:00,22.0,828.0,0.8616308379778805,0.5808219178082191,0.9086264967918396,10.956430037000246,0.684297520661157,0.8876309642386343,13123.0,0.8312757201646092,0.5926774991746118,0.6708860759493671,0.5120772946859904,,0.19850299401197605,,sage_default_2x64,,neighbor,0,2,,cuda,20,200,0.0,2,True,64,0.2,0.001,,,,,base_gfp,temporal.sage.base_gfp.s2,ec4501f,elliptic_pp,341e0f93709f487187f8ca276ff60d6a,abhinawap,/home/abhinawap/StudySes/mulegraph/.venv/bin/mulegraph,sage,temporal,LOCAL,d6e912c8fcb83f3b,f576c23d95a59084,2023.1,child
8606d08b7b1b4912b20f352c6e4da27a,1,FINISHED,/home/abhinawap/StudySes/mulegraph/mlruns/1/8606d08b7b1b4912b20f352c6e4da27a/artifacts,2026-09-15 15:41:04.359000+00:00,2026-09-15 15:41:04.439000+00:00,34.0,828.0,0.8311243828305306,0.5659340659340659,0.9261963963508606,13.593361498999911,0.6519685039370079,0.883735140359873,13123.0,0.788,0.5758663660232894,0.6560509554140127,0.4975845410628019,,0.19256462387452802,,sage_default_2x64,,neighbor,0,1,,cuda,20,200,0.0,2,True,64,0.2,0.001,,,,,base_gfp,temporal.sage.base_gfp.s1,ec4501f,elliptic_pp,341e0f93709f487187f8ca276ff60d6a,abhinawap,/home/abhinawap/StudySes/mulegraph/.venv/bin/mulegraph,sage,temporal,LOCAL,d6e912c8fcb83f3b,f576c23d95a59084,2023.1,child
ad8b56c1831b4f6690a4331306f808a9,1,FINISHED,/home/abhinawap/StudySes/mulegraph/mlruns/1/ad8b56c1831b4f6690a4331306f808a9/artifacts,2026-09-15 15:40:50.308000+00:00,2026-09-15 15:40:50.375000+00:00,62.0,828.0,0.8495671656611224,0.5595158036314728,0.9448872804641724,23.077273685000364,0.6359447004608295,0.8919983870745934,13123.0,0.8172484599589321,0.5293449017930405,0.6312594840667678,0.5024154589371981,,0.2064134495641345,,sage_default_2x64,,neighbor,0,0,,cuda,20,200,0.0,2,True,64,0.2,0.001,,,,,base_gfp,temporal.sage.base_gfp.s0,ec4501f,elliptic_pp,341e0f93709f487187f8ca276ff60d6a,abhinawap,/home/abhinawap/StudySes/mulegraph/.venv/bin/mulegraph,sage,temporal,LOCAL,d6e912c8fcb83f3b,f576c23d95a59084,2023.1,child
cc9e7ffcda3146378a74a3271ddf51c9,1,FINISHED,/home/abhinawap/StudySes/mulegraph/mlruns/1/cc9e7ffcda3146378a74a3271ddf51c9/artifacts,2026-09-15 15:40:28.644000+00:00,2026-09-15 15:40:28.675000+00:00,62.0,828.0,0.8859661642936656,0.5665236051502146,0.8820477724075317,20.5738189650001,0.6571428571428571,0.8828285328665476,13123.0,0.8502994011976048,0.486256643752068,0.5753424657534246,0.5579710144927537,,0.19945848375451264,,sage_default_2x64,,neighbor,0,4,,cuda,20,200,0.0,2,True,64,0.2,0.001,,,,,base,temporal.sage.base.s4,ec4501f,elliptic_pp,341e0f93709f487187f8ca276ff60d6a,abhinawap,/home/abhinawap/StudySes/mulegraph/.venv/bin/mulegraph,sage,temporal,LOCAL,none,f576c23d95a59084,2023.1,child
3649da31b66747b58c30bb01e87c5f6c,1,FINISHED,/home/abhinawap/StudySes/mulegraph/mlruns/1/3649da31b66747b58c30bb01e87c5f6c/artifacts,2026-09-15 15:40:09.536000+00:00,2026-09-15 15:40:09.614000+00:00,51.0,828.0,0.8916284469982415,0.5945223780895124,0.9313510656356812,18.829289956999673,0.7250437828371279,0.8873891727716188,13123.0,0.8637316561844863,0.5540427079628708,0.6651718983557549,0.5374396135265701,,0.21484121840570317,,sage_default_2x64,,neighbor,0,3,,cuda,20,200,0.0,2,True,64,0.2,0.001,,,,,base,temporal.sage.base.s3,ec4501f,elliptic_pp,341e0f93709f487187f8ca276ff60d6a,abhinawap,/home/abhinawap/StudySes/mulegraph/.venv/bin/mulegraph,sage,temporal,LOCAL,none,f576c23d95a59084,2023.1,child
ee05a7be9ceb4b978e0a808fbe8ded36,1,FINISHED,/home/abhinawap/StudySes/mulegraph/mlruns/1/ee05a7be9ceb4b978e0a808fbe8ded36/artifacts,2026-09-15 15:39:50.323000+00:00,2026-09-15 15:39:50.403000+00:00,63.0,828.0,0.885511636435559,0.6069651741293532,0.9164226651191711,22.890588309999657,0.7596330275229358,0.8838700092139101,13123.0,0.8512396694214877,0.5894365055118496,0.7374784110535406,0.5157004830917874,,0.19773337309871758,,sage_default_2x64,,neighbor,0,2,,cuda,20,200,0.0,2,True,64,0.2,0.001,,,,,base,temporal.sage.base.s2,ec4501f,elliptic_pp,341e0f93709f487187f8ca276ff60d6a,abhinawap,/home/abhinawap/StudySes/mulegraph/.venv/bin/mulegraph,sage,temporal,LOCAL,none,f576c23d95a59084,2023.1,child
b8711fc3f0c14f079c6eba885bdd67b5,1,FINISHED,/home/abhinawap/StudySes/mulegraph/mlruns/1/b8711fc3f0c14f079c6eba885bdd67b5/artifacts,2026-09-15 15:39:28.929000+00:00,2026-09-15 15:39:29.004000+00:00,31.0,828.0,0.8639705690806929,0.5972222222222222,0.9422677159309387,12.269023081000341,0.7379679144385026,0.8880444114393936,13123.0,0.8445378151260504,0.6182461506513982,0.8269230769230769,0.4673913043478261,,0.20849056603773586,,sage_default_2x64,,neighbor,0,1,,cuda,20,200,0.0,2,True,64,0.2,0.001,,,,,base,temporal.sage.base.s1,ec4501f,elliptic_pp,341e0f93709f487187f8ca276ff60d6a,abhinawap,/home/abhinawap/StudySes/mulegraph/.venv/bin/mulegraph,sage,temporal,LOCAL,none,f576c23d95a59084,2023.1,child
2b2b78fb6cce4662899d669908c80e85,1,FINISHED,/home/abhinawap/StudySes/mulegraph/mlruns/1/2b2b78fb6cce4662899d669908c80e85/artifacts,2026-09-15 15:39:16.327000+00:00,2026-09-15 15:39:16.358000+00:00,12.0,828.0,0.8578245247055193,0.6014935505770537,0.8529609441757202,7.058287300999837,0.7900763358778626,0.8855046924145357,13123.0,0.8418972332015812,0.6376871171421107,0.6868217054263566,0.535024154589372,,0.20615671641791045,,sage_default_2x64,,neighbor,0,0,,cuda,20,200,0.0,2,True,64,0.2,0.001,,,,,base,temporal.sage.base.s0,ec4501f,elliptic_pp,341e0f93709f487187f8ca276ff60d6a,abhinawap,/home/abhinawap/StudySes/mulegraph/.venv/bin/mulegraph,sage,temporal,LOCAL,none,f576c23d95a59084,2023.1,child
f8b59ac43b1c433fbe697b63e2b3c5e3,1,FINISHED,/home/abhinawap/StudySes/mulegraph/mlruns/1/f8b59ac43b1c433fbe697b63e2b3c5e3/artifacts,2026-09-15 15:39:10.804000+00:00,2026-09-15 15:39:10.876000+00:00,182.0,828.0,0.9586351655543043,0.718299164768413,0.9708261489868164,1.0105380810000497,0.9975903614457832,0.8748915057179286,13123.0,0.9382716049382716,0.7148052327148748,0.967280163599182,0.571256038647343,,0.1588785046728972,,xgboost_defaults,1000,none,0,4,50,cuda,,,,,,,,,,,,,base_gfp,temporal.xgb.base_gfp.s4,ec4501f,elliptic_pp,341e0f93709f487187f8ca276ff60d6a,abhinawap,/home/abhinawap/StudySes/mulegraph/.venv/bin/mulegraph,xgb,temporal,LOCAL,d6e912c8fcb83f3b,f576c23d95a59084,2023.1,child
17a7651030aa4b3fa3e72b595fd750ea,1,FINISHED,/home/abhinawap/StudySes/mulegraph/mlruns/1/17a7651030aa4b3fa3e72b595fd750ea/artifacts,2026-09-15 15:39:09.666000+00:00,2026-09-15 15:39:09.741000+00:00,182.0,828.0,0.9586351655543043,0.718299164768413,0.9708261489868164,1.176740171000347,0.9975903614457832,0.8748915057179286,13123.0,0.9382716049382716,0.7148052327148748,0.967280163599182,0.571256038647343,,0.1588785046728972,,xgboost_defaults,1000,none,0,3,50,cuda,,,,,,,,,,,,,base_gfp,temporal.xgb.base_gfp.s3,ec4501f,elliptic_pp,341e0f93709f487187f8ca276ff60d6a,abhinawap,/home/abhinawap/StudySes/mulegraph/.venv/bin/mulegraph,xgb,temporal,LOCAL,d6e912c8fcb83f3b,f576c23d95a59084,2023.1,child
875543618dac49a7b82916dcc681df80,1,FINISHED,/home/abhinawap/StudySes/mulegraph/mlruns/1/875543618dac49a7b82916dcc681df80/artifacts,2026-09-15 15:39:08.344000+00:00,2026-09-15 15:39:08.432000+00:00,182.0,828.0,0.9586351655543043,0.718299164768413,0.9708261489868164,1.0269168339991666,0.9975903614457832,0.8748915057179286,13123.0,0.9382716049382716,0.7148052327148748,0.967280163599182,0.571256038647343,,0.1588785046728972,,xgboost_defaults,1000,none,0,2,50,cuda,,,,,,,,,,,,,base_gfp,temporal.xgb.base_gfp.s2,ec4501f,elliptic_pp,341e0f93709f487187f8ca276ff60d6a,abhinawap,/home/abhinawap/StudySes/mulegraph/.venv/bin/mulegraph,xgb,temporal,LOCAL,d6e912c8fcb83f3b,f576c23d95a59084,2023.1,child
7364aa672eb44785aa0b57181b190a3f,1,FINISHED,/home/abhinawap/StudySes/mulegraph/mlruns/1/7364aa672eb44785aa0b57181b190a3f/artifacts,2026-09-15 15:39:07.143000+00:00,2026-09-15 15:39:07.261000+00:00,182.0,828.0,0.9586351655543043,0.718299164768413,0.9708261489868164,1.0012111719997847,0.9975903614457832,0.8748915057179286,13123.0,0.9382716049382716,0.7148052327148748,0.967280163599182,0.571256038647343,,0.1588785046728972,,xgboost_defaults,1000,none,0,1,50,cuda,,,,,,,,,,,,,base_gfp,temporal.xgb.base_gfp.s1,ec4501f,elliptic_pp,341e0f93709f487187f8ca276ff60d6a,abhinawap,/home/abhinawap/StudySes/mulegraph/.venv/bin/mulegraph,xgb,temporal,LOCAL,d6e912c8fcb83f3b,f576c23d95a59084,2023.1,child
e65eb086fb644b708d7434070d3c1c55,1,FINISHED,/home/abhinawap/StudySes/mulegraph/mlruns/1/e65eb086fb644b708d7434070d3c1c55/artifacts,2026-09-15 15:39:06.018000+00:00,2026-09-15 15:39:06.089000+00:00,182.0,828.0,0.9586351655543043,0.718299164768413,0.9708261489868164,1.1326979739997114,0.9975903614457832,0.8748915057179286,13123.0,0.9382716049382716,0.7148052327148748,0.967280163599182,0.571256038647343,,0.1588785046728972,,xgboost_defaults,1000,none,0,0,50,cuda,,,,,,,,,,,,,base_gfp,temporal.xgb.base_gfp.s0,ec4501f,elliptic_pp,341e0f93709f487187f8ca276ff60d6a,abhinawap,/home/abhinawap/StudySes/mulegraph/.venv/bin/mulegraph,xgb,temporal,LOCAL,d6e912c8fcb83f3b,f576c23d95a59084,2023.1,child
49e3fcced7f248a89a4baad1f449875f,1,FINISHED,/home/abhinawap/StudySes/mulegraph/mlruns/1/49e3fcced7f248a89a4baad1f449875f/artifacts,2026-09-15 15:39:04.746000+00:00,2026-09-15 15:39:04.834000+00:00,59.0,828.0,0.959444297262492,0.7215007215007215,0.8715395331382751,0.5244975630002955,0.9833729216152018,0.9106901002528422,13123.0,0.9308943089430894,0.7264431258771145,0.8960573476702509,0.6038647342995169,,0.19592198581560283,,xgboost_defaults,1000,none,0,4,50,cuda,,,,,,,,,,,,,base,temporal.xgb.base.s4,ec4501f,elliptic_pp,341e0f93709f487187f8ca276ff60d6a,abhinawap,/home/abhinawap/StudySes/mulegraph/.venv/bin/mulegraph,xgb,temporal,LOCAL,none,f576c23d95a59084,2023.1,child
42503703c0e04a478ea68fdfc6757823,1,FINISHED,/home/abhinawap/StudySes/mulegraph/mlruns/1/42503703c0e04a478ea68fdfc6757823/artifacts,2026-09-15 15:39:04.110000+00:00,2026-09-15 15:39:04.179000+00:00,59.0,828.0,0.959444297262492,0.7215007215007215,0.8715395331382751,0.5222580789995845,0.9833729216152018,0.9106901002528422,13123.0,0.9308943089430894,0.7264431258771145,0.8960573476702509,0.6038647342995169,,0.19592198581560283,,xgboost_defaults,1000,none,0,3,50,cuda,,,,,,,,,,,,,base,temporal.xgb.base.s3,ec4501f,elliptic_pp,341e0f93709f487187f8ca276ff60d6a,abhinawap,/home/abhinawap/StudySes/mulegraph/.venv/bin/mulegraph,xgb,temporal,LOCAL,none,f576c23d95a59084,2023.1,child
fb4c07124c614a00837e446146a161a5,1,FINISHED,/home/abhinawap/StudySes/mulegraph/mlruns/1/fb4c07124c614a00837e446146a161a5/artifacts,2026-09-15 15:39:03.483000+00:00,2026-09-15 15:39:03.545000+00:00,59.0,828.0,0.959444297262492,0.7215007215007215,0.8715395331382751,0.5347937950000414,0.9833729216152018,0.9106901002528422,13123.0,0.9308943089430894,0.7264431258771145,0.8960573476702509,0.6038647342995169,,0.19592198581560283,,xgboost_defaults,1000,none,0,2,50,cuda,,,,,,,,,,,,,base,temporal.xgb.base.s2,ec4501f,elliptic_pp,341e0f93709f487187f8ca276ff60d6a,abhinawap,/home/abhinawap/StudySes/mulegraph/.venv/bin/mulegraph,xgb,temporal,LOCAL,none,f576c23d95a59084,2023.1,child
a98ad3f7b6c8423fa60010d47d612ebf,1,FINISHED,/home/abhinawap/StudySes/mulegraph/mlruns/1/a98ad3f7b6c8423fa60010d47d612ebf/artifacts,2026-09-15 15:39:02.825000+00:00,2026-09-15 15:39:02.901000+00:00,59.0,828.0,0.959444297262492,0.7215007215007215,0.8715395331382751,0.5181630940005562,0.9833729216152018,0.9106901002528422,13123.0,0.9308943089430894,0.7264431258771145,0.8960573476702509,0.6038647342995169,,0.19592198581560283,,xgboost_defaults,1000,none,0,1,50,cuda,,,,,,,,,,,,,base,temporal.xgb.base.s1,ec4501f,elliptic_pp,341e0f93709f487187f8ca276ff60d6a,abhinawap,/home/abhinawap/StudySes/mulegraph/.venv/bin/mulegraph,xgb,temporal,LOCAL,none,f576c23d95a59084,2023.1,child
959de1e0336440d494fd8047cb0a7720,1,FINISHED,/home/abhinawap/StudySes/mulegraph/mlruns/1/959de1e0336440d494fd8047cb0a7720/artifacts,2026-09-15 15:39:02.182000+00:00,2026-09-15 15:39:02.262000+00:00,59.0,828.0,0.959444297262492,0.7215007215007215,0.8715395331382751,0.5365593159995115,0.9833729216152018,0.9106901002528422,13123.0,0.9308943089430894,0.7264431258771145,0.8960573476702509,0.6038647342995169,,0.19592198581560283,,xgboost_defaults,1000,none,0,0,50,cuda,,,,,,,,,,,,,base,temporal.xgb.base.s0,ec4501f,elliptic_pp,341e0f93709f487187f8ca276ff60d6a,abhinawap,/home/abhinawap/StudySes/mulegraph/.venv/bin/mulegraph,xgb,temporal,LOCAL,none,f576c23d95a59084,2023.1,child
794fdb372e95481d8efd5af62097e74f,1,FINISHED,/home/abhinawap/StudySes/mulegraph/mlruns/1/794fdb372e95481d8efd5af62097e74f/artifacts,2026-09-15 15:39:01.571000+00:00,2026-09-15 15:39:01.601000+00:00,98.0,682.0,0.9874967080108566,0.9590643274853801,0.27313119173049927,0.8804572600001848,1.0,0.9970534907968696,6985.0,0.9616519174041299,0.990981027617838,0.956268221574344,0.9618768328445748,,1.0,,xgboost_defaults,1000,none,0,4,50,cuda,,,,,,,,,,,,,raw165,random.xgb.raw165.s4,ec4501f,elliptic_pp,341e0f93709f487187f8ca276ff60d6a,abhinawap,/home/abhinawap/StudySes/mulegraph/.venv/bin/mulegraph,xgb,random,LOCAL,none,408c823763f1f17f,2023.1,child
f66abc6aa4a248369e8b7251b62a5809,1,FINISHED,/home/abhinawap/StudySes/mulegraph/mlruns/1/f66abc6aa4a248369e8b7251b62a5809/artifacts,2026-09-15 15:39:00.615000+00:00,2026-09-15 15:39:00.646000+00:00,98.0,682.0,0.9874967080108566,0.9590643274853801,0.27313119173049927,0.8873208579998391,1.0,0.9970534907968696,6985.0,0.9616519174041299,0.990981027617838,0.956268221574344,0.9618768328445748,,1.0,,xgboost_defaults,1000,none,0,3,50,cuda,,,,,,,,,,,,,raw165,random.xgb.raw165.s3,ec4501f,elliptic_pp,341e0f93709f487187f8ca276ff60d6a,abhinawap,/home/abhinawap/StudySes/mulegraph/.venv/bin/mulegraph,xgb,random,LOCAL,none,408c823763f1f17f,2023.1,child
693806b3e6df45f694950f7b079ce586,1,FINISHED,/home/abhinawap/StudySes/mulegraph/mlruns/1/693806b3e6df45f694950f7b079ce586/artifacts,2026-09-15 15:38:59.656000+00:00,2026-09-15 15:38:59.684000+00:00,98.0,682.0,0.9874967080108566,0.9590643274853801,0.27313119173049927,0.8597406620001493,1.0,0.9970534907968696,6985.0,0.9616519174041299,0.990981027617838,0.956268221574344,0.9618768328445748,,1.0,,xgboost_defaults,1000,none,0,2,50,cuda,,,,,,,,,,,,,raw165,random.xgb.raw165.s2,ec4501f,elliptic_pp,341e0f93709f487187f8ca276ff60d6a,abhinawap,/home/abhinawap/StudySes/mulegraph/.venv/bin/mulegraph,xgb,random,LOCAL,none,408c823763f1f17f,2023.1,child
b9f30026b43b4b7f9c2a11d640861461,1,FINISHED,/home/abhinawap/StudySes/mulegraph/mlruns/1/b9f30026b43b4b7f9c2a11d640861461/artifacts,2026-09-15 15:38:58.706000+00:00,2026-09-15 15:38:58.743000+00:00,98.0,682.0,0.9874967080108566,0.9590643274853801,0.27313119173049927,0.8722290989999237,1.0,0.9970534907968696,6985.0,0.9616519174041299,0.990981027617838,0.956268221574344,0.9618768328445748,,1.0,,xgboost_defaults,1000,none,0,1,50,cuda,,,,,,,,,,,,,raw165,random.xgb.raw165.s1,ec4501f,elliptic_pp,341e0f93709f487187f8ca276ff60d6a,abhinawap,/home/abhinawap/StudySes/mulegraph/.venv/bin/mulegraph,xgb,random,LOCAL,none,408c823763f1f17f,2023.1,child
5d1897bd32744bce8a5be23ba297eac1,1,FINISHED,/home/abhinawap/StudySes/mulegraph/mlruns/1/5d1897bd32744bce8a5be23ba297eac1/artifacts,2026-09-15 15:38:57.718000+00:00,2026-09-15 15:38:57.791000+00:00,98.0,682.0,0.9874967080108566,0.9590643274853801,0.27313119173049927,1.0602961100003085,1.0,0.9970534907968696,6985.0,0.9616519174041299,0.990981027617838,0.956268221574344,0.9618768328445748,,1.0,,xgboost_defaults,1000,none,0,0,50,cuda,,,,,,,,,,,,,raw165,random.xgb.raw165.s0,ec4501f,elliptic_pp,341e0f93709f487187f8ca276ff60d6a,abhinawap,/home/abhinawap/StudySes/mulegraph/.venv/bin/mulegraph,xgb,random,LOCAL,none,408c823763f1f17f,2023.1,child
a1f5b2c5a09848c08b6accee5aee50ce,1,FINISHED,/home/abhinawap/StudySes/mulegraph/mlruns/1/a1f5b2c5a09848c08b6accee5aee50ce/artifacts,2026-09-15 15:38:56.577000+00:00,2026-09-15 15:38:56.610000+00:00,66.0,682.0,0.9464624970103166,0.8976848394324123,0.7884951829910278,24.41258916100014,0.9941690962099126,0.9885568618583618,6985.0,0.8893939393939395,0.9516708797379803,0.9147640791476408,0.8812316715542522,,0.9767441860465116,,sage_default_2x64,,neighbor,0,4,,cuda,20,200,0.0,2,True,64,0.2,0.001,,,,,base_gfp,random.sage.base_gfp.s4,ec4501f,elliptic_pp,341e0f93709f487187f8ca276ff60d6a,abhinawap,/home/abhinawap/StudySes/mulegraph/.venv/bin/mulegraph,sage,random,LOCAL,d6e912c8fcb83f3b,408c823763f1f17f,2023.1,child
08f617ccedf64df78fb4f9b378cb19b4,1,FINISHED,/home/abhinawap/StudySes/mulegraph/mlruns/1/08f617ccedf64df78fb4f9b378cb19b4/artifacts,2026-09-15 15:38:33.503000+00:00,2026-09-15 15:38:33.585000+00:00,116.0,682.0,0.9476997125546277,0.900887573964497,0.6346457600593567,40.56406090600012,1.0,0.9873106554947767,6985.0,0.8961911874533234,0.9481105854652683,0.908955223880597,0.8929618768328446,,0.978494623655914,,sage_default_2x64,,neighbor,0,3,,cuda,20,200,0.0,2,True,64,0.2,0.001,,,,,base_gfp,random.sage.base_gfp.s3,ec4501f,elliptic_pp,341e0f93709f487187f8ca276ff60d6a,abhinawap,/home/abhinawap/StudySes/mulegraph/.venv/bin/mulegraph,sage,random,LOCAL,d6e912c8fcb83f3b,408c823763f1f17f,2023.1,child
deea66a6d6594fc697d6775fd6765791,1,FINISHED,/home/abhinawap/StudySes/mulegraph/mlruns/1/deea66a6d6594fc697d6775fd6765791/artifacts,2026-09-15 15:37:54.246000+00:00,2026-09-15 15:37:54.351000+00:00,90.0,682.0,0.941880289850322,0.8934240362811792,0.9137844443321228,30.083695596000325,0.9912790697674418,0.9870580178037456,6985.0,0.8890589135424638,0.9473275637715961,0.921996879875195,0.8665689149560117,,0.9663716814159292,,sage_default_2x64,,neighbor,0,2,,cuda,20,200,0.0,2,True,64,0.2,0.001,,,,,base_gfp,random.sage.base_gfp.s2,ec4501f,elliptic_pp,341e0f93709f487187f8ca276ff60d6a,abhinawap,/home/abhinawap/StudySes/mulegraph/.venv/bin/mulegraph,sage,random,LOCAL,d6e912c8fcb83f3b,408c823763f1f17f,2023.1,child
365dc0a0f31f459da8d3b1acd08bbbf4,1,FINISHED,/home/abhinawap/StudySes/mulegraph/mlruns/1/365dc0a0f31f459da8d3b1acd08bbbf4/artifacts,2026-09-15 15:37:25.565000+00:00,2026-09-15 15:37:25.605000+00:00,136.0,682.0,0.9467639554557487,0.9029345372460497,0.8328014016151428,42.14802596000027,0.9941690962099126,0.9880549596314746,6985.0,0.8887206661619985,0.950152657189271,0.9273570324574961,0.8797653958944281,,0.9802513464991023,,sage_default_2x64,,neighbor,0,1,,cuda,20,200,0.0,2,True,64,0.2,0.001,,,,,base_gfp,random.sage.base_gfp.s1,ec4501f,elliptic_pp,341e0f93709f487187f8ca276ff60d6a,abhinawap,/home/abhinawap/StudySes/mulegraph/.venv/bin/mulegraph,sage,random,LOCAL,d6e912c8fcb83f3b,408c823763f1f17f,2023.1,child
55f0e6cb8aef4766b414d96c2d9b2055,1,FINISHED,/home/abhinawap/StudySes/mulegraph/mlruns/1/55f0e6cb8aef4766b414d96c2d9b2055/artifacts,2026-09-15 15:36:44.864000+00:00,2026-09-15 15:36:44.905000+00:00,76.0,682.0,0.9435673028682867,0.9038031319910514,0.8680543303489685,27.07830272799947,0.9941690962099126,0.9873790491238403,6985.0,0.8911042944785277,0.950495532087114,0.9195751138088012,0.8885630498533724,,0.978494623655914,,sage_default_2x64,,neighbor,0,0,,cuda,20,200,0.0,2,True,64,0.2,0.001,,,,,base_gfp,random.sage.base_gfp.s0,ec4501f,elliptic_pp,341e0f93709f487187f8ca276ff60d6a,abhinawap,/home/abhinawap/StudySes/mulegraph/.venv/bin/mulegraph,sage,random,LOCAL,d6e912c8fcb83f3b,408c823763f1f17f,2023.1,child
fe83474330b043c2b94c1f7d5828ff34,1,FINISHED,/home/abhinawap/StudySes/mulegraph/mlruns/1/fe83474330b043c2b94c1f7d5828ff34/artifacts,2026-09-15 15:36:19.094000+00:00,2026-09-15 15:36:19.134000+00:00,116.0,682.0,0.9471007917277691,0.896,0.5995156764984131,39.782708892999835,0.9855491329479769,0.9883852962072244,6985.0,0.8908296943231441,0.9467054430327231,0.8888888888888888,0.9032258064516129,,0.9820143884892086,,sage_default_2x64,,neighbor,0,4,,cuda,20,200,0.0,2,True,64,0.2,0.001,,,,,base,random.sage.base.s4,ec4501f,elliptic_pp,341e0f93709f487187f8ca276ff60d6a,abhinawap,/home/abhinawap/StudySes/mulegraph/.venv/bin/mulegraph,sage,random,LOCAL,none,408c823763f1f17f,2023.1,child
70600e4ec5f14ebd9cec6b89492fafdd,1,FINISHED,/home/abhinawap/StudySes/mulegraph/mlruns/1/70600e4ec5f14ebd9cec6b89492fafdd/artifacts,2026-09-15 15:35:42.606000+00:00,2026-09-15 15:35:42.689000+00:00,128.0,682.0,0.9448961667819751,0.9066265060240963,0.7499348521232605,44.30422255299982,0.9970760233918129,0.9878205835046664,6985.0,0.8949357520786092,0.9540791702590429,0.9318885448916409,0.8826979472140762,,0.9855595667870036,,sage_default_2x64,,neighbor,0,3,,cuda,20,200,0.0,2,True,64,0.2,0.001,,,,,base,random.sage.base.s3,ec4501f,elliptic_pp,341e0f93709f487187f8ca276ff60d6a,abhinawap,/home/abhinawap/StudySes/mulegraph/.venv/bin/mulegraph,sage,random,LOCAL,none,408c823763f1f17f,2023.1,child
459ac52688cf41afacd33aa60bda5dd8,1,FINISHED,/home/abhinawap/StudySes/mulegraph/mlruns/1/459ac52688cf41afacd33aa60bda5dd8/artifacts,2026-09-15 15:34:59.746000+00:00,2026-09-15 15:34:59.830000+00:00,108.0,682.0,0.9478281286129955,0.9068702290076336,0.9035768508911133,38.122305550999954,0.9970760233918129,0.9890849351167785,6985.0,0.9011494252873563,0.9557595415867572,0.945859872611465,0.8709677419354839,,0.9855595667870036,,sage_default_2x64,,neighbor,0,2,,cuda,20,200,0.0,2,True,64,0.2,0.001,,,,,base,random.sage.base.s2,ec4501f,elliptic_pp,341e0f93709f487187f8ca276ff60d6a,abhinawap,/home/abhinawap/StudySes/mulegraph/.venv/bin/mulegraph,sage,random,LOCAL,none,408c823763f1f17f,2023.1,child
4275129d94734816b003a1c1157fa6ba,1,FINISHED,/home/abhinawap/StudySes/mulegraph/mlruns/1/4275129d94734816b003a1c1157fa6ba/artifacts,2026-09-15 15:34:23.087000+00:00,2026-09-15 15:34:23.164000+00:00,84.0,682.0,0.9437293576522348,0.8966049382716049,0.8671756386756897,31.438271445000282,0.9912790697674418,0.9878587350528516,6985.0,0.8944099378881987,0.9481290246340489,0.9462540716612378,0.8519061583577713,,0.9837837837837838,,sage_default_2x64,,neighbor,0,1,,cuda,20,200,0.0,2,True,64,0.2,0.001,,,,,base,random.sage.base.s1,ec4501f,elliptic_pp,341e0f93709f487187f8ca276ff60d6a,abhinawap,/home/abhinawap/StudySes/mulegraph/.venv/bin/mulegraph,sage,random,LOCAL,none,408c823763f1f17f,2023.1,child
f43eb69f053d44889976cfa7ac911a59,1,FINISHED,/home/abhinawap/StudySes/mulegraph/mlruns/1/f43eb69f053d44889976cfa7ac911a59/artifacts,2026-09-15 15:33:53.139000+00:00,2026-09-15 15:33:53.171000+00:00,110.0,682.0,0.9450862676841628,0.9017517136329017,0.8698169589042664,39.65683713800081,0.9884057971014493,0.988961640479351,6985.0,0.901840490797546,0.9541940327772194,0.9381933438985737,0.8680351906158358,,0.9855595667870036,,sage_default_2x64,,neighbor,0,0,,cuda,20,200,0.0,2,True,64,0.2,0.001,,,,,base,random.sage.base.s0,ec4501f,elliptic_pp,341e0f93709f487187f8ca276ff60d6a,abhinawap,/home/abhinawap/StudySes/mulegraph/.venv/bin/mulegraph,sage,random,LOCAL,none,408c823763f1f17f,2023.1,child
a4b44627b9754055ba1ad50ea0555e28,1,FINISHED,/home/abhinawap/StudySes/mulegraph/mlruns/1/a4b44627b9754055ba1ad50ea0555e28/artifacts,2026-09-15 15:33:13.673000+00:00,2026-09-15 15:33:13.697000+00:00,165.0,682.0,0.9804380920980631,0.9495861550037622,0.5456243753433228,0.9798682280006688,1.0,0.9969260087943971,6985.0,0.9434815373021854,0.9868653520488493,0.9752704791344667,0.9252199413489736,,1.0,,xgboost_defaults,1000,none,0,4,50,cuda,,,,,,,,,,,,,base_gfp,random.xgb.base_gfp.s4,ec4501f,elliptic_pp,341e0f93709f487187f8ca276ff60d6a,abhinawap,/home/abhinawap/StudySes/mulegraph/.venv/bin/mulegraph,xgb,random,LOCAL,d6e912c8fcb83f3b,408c823763f1f17f,2023.1,child
e7178d342ad34550b3da38011d4d6726,1,FINISHED,/home/abhinawap/StudySes/mulegraph/mlruns/1/e7178d342ad34550b3da38011d4d6726/artifacts,2026-09-15 15:33:12.513000+00:00,2026-09-15 15:33:12.592000+00:00,165.0,682.0,0.9804380920980631,0.9495861550037622,0.5456243753433228,1.0609980179997365,1.0,0.9969260087943971,6985.0,0.9434815373021854,0.9868653520488493,0.9752704791344667,0.9252199413489736,,1.0,,xgboost_defaults,1000,none,0,3,50,cuda,,,,,,,,,,,,,base_gfp,random.xgb.base_gfp.s3,ec4501f,elliptic_pp,341e0f93709f487187f8ca276ff60d6a,abhinawap,/home/abhinawap/StudySes/mulegraph/.venv/bin/mulegraph,xgb,random,LOCAL,d6e912c8fcb83f3b,408c823763f1f17f,2023.1,child
5c552c0626e344b3ba7aa9500c0099e3,1,FINISHED,/home/abhinawap/StudySes/mulegraph/mlruns/1/5c552c0626e344b3ba7aa9500c0099e3/artifacts,2026-09-15 15:33:11.990000+00:00,2026-09-15 15:33:12.053000+00:00,165.0,682.0,0.9804380920980631,0.9495861550037622,0.5456243753433228,1.0161644299996624,1.0,0.9969260087943971,6985.0,0.9434815373021854,0.9868653520488493,0.9752704791344667,0.9252199413489736,,1.0,,xgboost_defaults,1000,none,0,1,50,cuda,,,,,,,,,,,,,base_gfp,random.xgb.base_gfp.s1,ec4501f,elliptic_pp,341e0f93709f487187f8ca276ff60d6a,abhinawap,/home/abhinawap/StudySes/mulegraph/.venv/bin/mulegraph,xgb,random,LOCAL,d6e912c8fcb83f3b,408c823763f1f17f,2023.1,child
e5d5f553bc454f12b4a72148f8d2ace3,1,FINISHED,/home/abhinawap/StudySes/mulegraph/mlruns/1/e5d5f553bc454f12b4a72148f8d2ace3/artifacts,2026-09-15 15:33:11.314000+00:00,2026-09-15 15:33:11.382000+00:00,165.0,682.0,0.9804380920980631,0.9495861550037622,0.5456243753433228,1.0517453590000514,1.0,0.9969260087943971,6985.0,0.9434815373021854,0.9868653520488493,0.9752704791344667,0.9252199413489736,,1.0,,xgboost_defaults,1000,none,0,2,50,cuda,,,,,,,,,,,,,base_gfp,random.xgb.base_gfp.s2,ec4501f,elliptic_pp,341e0f93709f487187f8ca276ff60d6a,abhinawap,/home/abhinawap/StudySes/mulegraph/.venv/bin/mulegraph,xgb,random,LOCAL,d6e912c8fcb83f3b,408c823763f1f17f,2023.1,child
6fb7ecc3f00d410894f88800a6a1f141,1,FINISHED,/home/abhinawap/StudySes/mulegraph/mlruns/1/6fb7ecc3f00d410894f88800a6a1f141/artifacts,2026-09-15 15:33:10.822000+00:00,2026-09-15 15:33:10.888000+00:00,165.0,682.0,0.9804380920980631,0.9495861550037622,0.5456243753433228,1.0484260020002694,1.0,0.9969260087943971,6985.0,0.9434815373021854,0.9868653520488493,0.9752704791344667,0.9252199413489736,,1.0,,xgboost_defaults,1000,none,0,0,50,cuda,,,,,,,,,,,,,base_gfp,random.xgb.base_gfp.s0,ec4501f,elliptic_pp,341e0f93709f487187f8ca276ff60d6a,abhinawap,/home/abhinawap/StudySes/mulegraph/.venv/bin/mulegraph,xgb,random,LOCAL,d6e912c8fcb83f3b,408c823763f1f17f,2023.1,child
9fdbabcd0ba7467da397d4172c9e9dcb,1,FINISHED,/home/abhinawap/StudySes/mulegraph/mlruns/1/9fdbabcd0ba7467da397d4172c9e9dcb/artifacts,2026-09-15 15:33:09.639000+00:00,2026-09-15 15:33:09.710000+00:00,195.0,682.0,0.9805808649922023,0.9500756429652042,0.6896948218345642,1.020787327999642,1.0,0.996932755104747,6985.0,0.9429657794676807,0.9873041423044565,0.98125,0.9208211143695014,,1.0,,xgboost_defaults,1000,none,0,4,50,cuda,,,,,,,,,,,,,base,random.xgb.base.s4,ec4501f,elliptic_pp,341e0f93709f487187f8ca276ff60d6a,abhinawap,/home/abhinawap/StudySes/mulegraph/.venv/bin/mulegraph,xgb,random,LOCAL,none,408c823763f1f17f,2023.1,child
48de604eefd7412a8d7895603fd31a38,1,FINISHED,/home/abhinawap/StudySes/mulegraph/mlruns/1/48de604eefd7412a8d7895603fd31a38/artifacts,2026-09-15 15:33:08.485000+00:00,2026-09-15 15:33:08.560000+00:00,195.0,682.0,0.9805808649922023,0.9500756429652042,0.6896948218345642,1.0364473290001115,1.0,0.996932755104747,6985.0,0.9429657794676807,0.9873041423044565,0.98125,0.9208211143695014,,1.0,,xgboost_defaults,1000,none,0,3,50,cuda,,,,,,,,,,,,,base,random.xgb.base.s3,ec4501f,elliptic_pp,341e0f93709f487187f8ca276ff60d6a,abhinawap,/home/abhinawap/StudySes/mulegraph/.venv/bin/mulegraph,xgb,random,LOCAL,none,408c823763f1f17f,2023.1,child
0cad195c619646a78f4867d11082a4fd,1,FINISHED,/home/abhinawap/StudySes/mulegraph/mlruns/1/0cad195c619646a78f4867d11082a4fd/artifacts,2026-09-15 15:33:07.319000+00:00,2026-09-15 15:33:07.385000+00:00,195.0,682.0,0.9805808649922023,0.9500756429652042,0.6896948218345642,1.0523600679998708,1.0,0.996932755104747,6985.0,0.9429657794676807,0.9873041423044565,0.98125,0.9208211143695014,,1.0,,xgboost_defaults,1000,none,0,2,50,cuda,,,,,,,,,,,,,base,random.xgb.base.s2,ec4501f,elliptic_pp,341e0f93709f487187f8ca276ff60d6a,abhinawap,/home/abhinawap/StudySes/mulegraph/.venv/bin/mulegraph,xgb,random,LOCAL,none,408c823763f1f17f,2023.1,child
63ca10672b994439af4b53d71e959b7f,1,FINISHED,/home/abhinawap/StudySes/mulegraph/mlruns/1/63ca10672b994439af4b53d71e959b7f/artifacts,2026-09-15 15:33:06.129000+00:00,2026-09-15 15:33:06.203000+00:00,195.0,682.0,0.9805808649922023,0.9500756429652042,0.6896948218345642,1.0643079080000462,1.0,0.996932755104747,6985.0,0.9429657794676807,0.9873041423044565,0.98125,0.9208211143695014,,1.0,,xgboost_defaults,1000,none,0,1,50,cuda,,,,,,,,,,,,,base,random.xgb.base.s1,ec4501f,elliptic_pp,341e0f93709f487187f8ca276ff60d6a,abhinawap,/home/abhinawap/StudySes/mulegraph/.venv/bin/mulegraph,xgb,random,LOCAL,none,408c823763f1f17f,2023.1,child
5e9e3ad364374383934ed58abb63c4a7,1,FINISHED,/home/abhinawap/StudySes/mulegraph/mlruns/1/5e9e3ad364374383934ed58abb63c4a7/artifacts,2026-09-15 15:33:04.973000+00:00,2026-09-15 15:33:05.002000+00:00,195.0,682.0,0.9805808649922023,0.9500756429652042,0.6896948218345642,1.5273657240004468,1.0,0.996932755104747,6985.0,0.9429657794676807,0.9873041423044565,0.98125,0.9208211143695014,,1.0,,xgboost_defaults,1000,none,0,0,50,cuda,,,,,,,,,,,,,base,random.xgb.base.s0,ec4501f,elliptic_pp,341e0f93709f487187f8ca276ff60d6a,abhinawap,/home/abhinawap/StudySes/mulegraph/.venv/bin/mulegraph,xgb,random,LOCAL,none,408c823763f1f17f,2023.1,child
341e0f93709f487187f8ca276ff60d6a,1,FINISHED,/home/abhinawap/StudySes/mulegraph/mlruns/1/341e0f93709f487187f8ca276ff60d6a/artifacts,2026-09-15 15:33:03.242000+00:00,2026-09-15 15:41:48.629000+00:00,,,,,,,,,,,,,,,,,,,,0,,,cuda,,,,,,,,,d6e912c8fcb83f3b,"[0, 1, 2, 3, 4]",50,2023.1,,elliptic_mvp.ec4501f,ec4501f,elliptic_pp,,abhinawap,/home/abhinawap/StudySes/mulegraph/.venv/bin/mulegraph,,,LOCAL,,,,parent
531c40935a9a4a4b973af33f4012dd15,1,FINISHED,/home/abhinawap/StudySes/mulegraph/mlruns/1/531c40935a9a4a4b973af33f4012dd15/artifacts,2026-09-15 15:15:15.727000+00:00,2026-09-15 15:15:15.796000+00:00,132.0,828.0,0.9719468018042966,0.7780979827089337,0.8880494236946106,1.00870016799945,0.9951923076923077,0.8990655444949343,13123.0,0.9494949494949494,0.7389899462515834,0.9642857142857143,0.6521739130434783,,0.19425725168473484,,xgboost_defaults,1000,none,0,4,50,cuda,,,,,,,,,,,,,raw165,temporal.xgb.raw165.s4,a64a16e,elliptic_pp,281caef1ade34e42aecd51bf2ab1e8a8,abhinawap,/home/abhinawap/StudySes/mulegraph/.venv/bin/mulegraph,xgb,temporal,LOCAL,none,f576c23d95a59084,2023.1,child
92f6e7268ef24bb2a1a59dd7450ae5be,1,FINISHED,/home/abhinawap/StudySes/mulegraph/mlruns/1/92f6e7268ef24bb2a1a59dd7450ae5be/artifacts,2026-09-15 15:15:14.595000+00:00,2026-09-15 15:15:14.664000+00:00,132.0,828.0,0.9719468018042966,0.7780979827089337,0.8880494236946106,1.0462403960000302,0.9951923076923077,0.8990655444949343,13123.0,0.9494949494949494,0.7389899462515834,0.9642857142857143,0.6521739130434783,,0.19425725168473484,,xgboost_defaults,1000,none,0,3,50,cuda,,,,,,,,,,,,,raw165,temporal.xgb.raw165.s3,a64a16e,elliptic_pp,281caef1ade34e42aecd51bf2ab1e8a8,abhinawap,/home/abhinawap/StudySes/mulegraph/.venv/bin/mulegraph,xgb,temporal,LOCAL,none,f576c23d95a59084,2023.1,child
14c8b03081e54484aee8d43352d6921a,1,FINISHED,/home/abhinawap/StudySes/mulegraph/mlruns/1/14c8b03081e54484aee8d43352d6921a/artifacts,2026-09-15 15:15:13.424000+00:00,2026-09-15 15:15:13.496000+00:00,132.0,828.0,0.9719468018042966,0.7780979827089337,0.8880494236946106,1.061678226999902,0.9951923076923077,0.8990655444949343,13123.0,0.9494949494949494,0.7389899462515834,0.9642857142857143,0.6521739130434783,,0.19425725168473484,,xgboost_defaults,1000,none,0,2,50,cuda,,,,,,,,,,,,,raw165,temporal.xgb.raw165.s2,a64a16e,elliptic_pp,281caef1ade34e42aecd51bf2ab1e8a8,abhinawap,/home/abhinawap/StudySes/mulegraph/.venv/bin/mulegraph,xgb,temporal,LOCAL,none,f576c23d95a59084,2023.1,child
ebcca77289e04ec6a7764527106f9ab2,1,FINISHED,/home/abhinawap/StudySes/mulegraph/mlruns/1/ebcca77289e04ec6a7764527106f9ab2/artifacts,2026-09-15 15:15:12.236000+00:00,2026-09-15 15:15:12.305000+00:00,132.0,828.0,0.9719468018042966,0.7780979827089337,0.8880494236946106,1.034295851999559,0.9951923076923077,0.8990655444949343,13123.0,0.9494949494949494,0.7389899462515834,0.9642857142857143,0.6521739130434783,,0.19425725168473484,,xgboost_defaults,1000,none,0,1,50,cuda,,,,,,,,,,,,,raw165,temporal.xgb.raw165.s1,a64a16e,elliptic_pp,281caef1ade34e42aecd51bf2ab1e8a8,abhinawap,/home/abhinawap/StudySes/mulegraph/.venv/bin/mulegraph,xgb,temporal,LOCAL,none,f576c23d95a59084,2023.1,child
a0dc963b874b41978605c34b1e958fb3,1,FINISHED,/home/abhinawap/StudySes/mulegraph/mlruns/1/a0dc963b874b41978605c34b1e958fb3/artifacts,2026-09-15 15:15:11.080000+00:00,2026-09-15 15:15:11.150000+00:00,132.0,828.0,0.9719468018042966,0.7780979827089337,0.8880494236946106,1.2563971939998737,0.9951923076923077,0.8990655444949343,13123.0,0.9494949494949494,0.7389899462515834,0.9642857142857143,0.6521739130434783,,0.19425725168473484,,xgboost_defaults,1000,none,0,0,50,cuda,,,,,,,,,,,,,raw165,temporal.xgb.raw165.s0,a64a16e,elliptic_pp,281caef1ade34e42aecd51bf2ab1e8a8,abhinawap,/home/abhinawap/StudySes/mulegraph/.venv/bin/mulegraph,xgb,temporal,LOCAL,none,f576c23d95a59084,2023.1,child
ad4b11d00fa8445fb6076afaf63db76b,1,FINISHED,/home/abhinawap/StudySes/mulegraph/mlruns/1/ad4b11d00fa8445fb6076afaf63db76b/artifacts,2026-09-15 15:15:09.738000+00:00,2026-09-15 15:15:09.771000+00:00,13.0,828.0,0.8480483556403111,0.5860749808722264,0.9387885332107544,9.729209033000188,0.708904109589041,0.8799414749721521,13123.0,0.8077753779697624,0.6072393721442126,0.7995824634655533,0.46256038647342995,,0.19632810186556116,,sage_default_2x64,,neighbor,0,4,,cuda,20,200,0.0,2,True,64,0.2,0.001,,,,,base_gfp,temporal.sage.base_gfp.s4,a64a16e,elliptic_pp,281caef1ade34e42aecd51bf2ab1e8a8,abhinawap,/home/abhinawap/StudySes/mulegraph/.venv/bin/mulegraph,sage,temporal,LOCAL,d6e912c8fcb83f3b,f576c23d95a59084,2023.1,child
dee7c1cd605c48f7b8968ce596e8380f,1,FINISHED,/home/abhinawap/StudySes/mulegraph/mlruns/1/dee7c1cd605c48f7b8968ce596e8380f/artifacts,2026-09-15 15:14:59.803000+00:00,2026-09-15 15:14:59.837000+00:00,17.0,828.0,0.8495603063713211,0.5752808988764045,0.956287145614624,11.36872431500069,0.6854304635761589,0.8775296505197313,13123.0,0.8148148148148148,0.5957014382680473,0.757396449704142,0.463768115942029,,0.1901893287435456,,sage_default_2x64,,neighbor,0,3,,cuda,20,200,0.0,2,True,64,0.2,0.001,,,,,base_gfp,temporal.sage.base_gfp.s3,a64a16e,elliptic_pp,281caef1ade34e42aecd51bf2ab1e8a8,abhinawap,/home/abhinawap/StudySes/mulegraph/.venv/bin/mulegraph,sage,temporal,LOCAL,d6e912c8fcb83f3b,f576c23d95a59084,2023.1,child
46670707f2bf463c8fab83bd95f76650,1,FINISHED,/home/abhinawap/StudySes/mulegraph/mlruns/1/46670707f2bf463c8fab83bd95f76650/artifacts,2026-09-15 15:14:49.992000+00:00,2026-09-15 15:14:50.083000+00:00,67.0,828.0,0.8558871246250196,0.5782967032967034,0.974641740322113,24.37760175599942,0.6820428336079077,0.8852208587992841,13123.0,0.8212765957446808,0.5681574461222672,0.6703821656050956,0.5084541062801933,,0.20368663594470046,,sage_default_2x64,,neighbor,0,2,,cuda,20,200,0.0,2,True,64,0.2,0.001,,,,,base_gfp,temporal.sage.base_gfp.s2,a64a16e,elliptic_pp,281caef1ade34e42aecd51bf2ab1e8a8,abhinawap,/home/abhinawap/StudySes/mulegraph/.venv/bin/mulegraph,sage,temporal,LOCAL,d6e912c8fcb83f3b,f576c23d95a59084,2023.1,child
c8f3564633fe4521b9499473b11598b4,1,FINISHED,/home/abhinawap/StudySes/mulegraph/mlruns/1/c8f3564633fe4521b9499473b11598b4/artifacts,2026-09-15 15:14:25.376000+00:00,2026-09-15 15:14:25.449000+00:00,95.0,828.0,0.8772232891755258,0.6012793176972282,0.9639992713928223,35.076253590000306,0.7527272727272727,0.8908149202476167,13123.0,0.8445378151260504,0.610222464928544,0.7305699481865285,0.5108695652173914,,0.21990049751243781,,sage_default_2x64,,neighbor,0,1,,cuda,20,200,0.0,2,True,64,0.2,0.001,,,,,base_gfp,temporal.sage.base_gfp.s1,a64a16e,elliptic_pp,281caef1ade34e42aecd51bf2ab1e8a8,abhinawap,/home/abhinawap/StudySes/mulegraph/.venv/bin/mulegraph,sage,temporal,LOCAL,d6e912c8fcb83f3b,f576c23d95a59084,2023.1,child
09687680aed3413d9cd304fd394757f6,1,FINISHED,/home/abhinawap/StudySes/mulegraph/mlruns/1/09687680aed3413d9cd304fd394757f6/artifacts,2026-09-15 15:13:53.728000+00:00,2026-09-15 15:13:53.807000+00:00,10.0,828.0,0.841777016508688,0.5718432510885341,0.9279353618621826,10.116779442000734,0.6602870813397129,0.873688098339335,13123.0,0.7935222672064778,0.602545456784486,0.7163636363636363,0.4758454106280193,,0.19838420107719928,,sage_default_2x64,,neighbor,0,0,,cuda,20,200,0.0,2,True,64,0.2,0.001,,,,,base_gfp,temporal.sage.base_gfp.s0,a64a16e,elliptic_pp,281caef1ade34e42aecd51bf2ab1e8a8,abhinawap,/home/abhinawap/StudySes/mulegraph/.venv/bin/mulegraph,sage,temporal,LOCAL,d6e912c8fcb83f3b,f576c23d95a59084,2023.1,child
8e8a75ab21ce4c4eb974652b4e53f88d,1,FINISHED,/home/abhinawap/StudySes/mulegraph/mlruns/1/8e8a75ab21ce4c4eb974652b4e53f88d/artifacts,2026-09-15 15:13:43.403000+00:00,2026-09-15 15:13:43.437000+00:00,34.0,828.0,0.8946478132767383,0.5994865211810013,0.8869438767433167,16.275431387000026,0.7976878612716763,0.8919203929958568,13123.0,0.8554216867469879,0.615760101297955,0.6397260273972603,0.5640096618357487,,0.20213414634146343,,sage_default_2x64,,neighbor,0,4,,cuda,20,200,0.0,2,True,64,0.2,0.001,,,,,base,temporal.sage.base.s4,a64a16e,elliptic_pp,281caef1ade34e42aecd51bf2ab1e8a8,abhinawap,/home/abhinawap/StudySes/mulegraph/.venv/bin/mulegraph,sage,temporal,LOCAL,none,f576c23d95a59084,2023.1,child
f6715ba37b7a4596b925b1f1394203f8,1,FINISHED,/home/abhinawap/StudySes/mulegraph/mlruns/1/f6715ba37b7a4596b925b1f1394203f8/artifacts,2026-09-15 15:13:26.863000+00:00,2026-09-15 15:13:26.944000+00:00,66.0,828.0,0.8998094251461753,0.6068965517241379,0.9808499217033386,21.565628835999632,0.7288732394366197,0.8959817332759675,13123.0,0.869198312236287,0.5045324415578811,0.707395498392283,0.5314009661835749,,0.21723460026212318,,sage_default_2x64,,neighbor,0,3,,cuda,20,200,0.0,2,True,64,0.2,0.001,,,,,base,temporal.sage.base.s3,a64a16e,elliptic_pp,281caef1ade34e42aecd51bf2ab1e8a8,abhinawap,/home/abhinawap/StudySes/mulegraph/.venv/bin/mulegraph,sage,temporal,LOCAL,none,f576c23d95a59084,2023.1,child
44cc9fd980424e65b0b7a3c0e94f5af1,1,FINISHED,/home/abhinawap/StudySes/mulegraph/mlruns/1/44cc9fd980424e65b0b7a3c0e94f5af1/artifacts,2026-09-15 15:13:07.001000+00:00,2026-09-15 15:13:07.030000+00:00,19.0,828.0,0.8790354096398584,0.6084466714387974,0.9475104212760925,8.905979475000095,0.7811320754716982,0.8850126617591298,13123.0,0.8438818565400844,0.613604243590436,0.7469244288224957,0.5132850241545893,,0.18386023294509152,,sage_default_2x64,,neighbor,0,2,,cuda,20,200,0.0,2,True,64,0.2,0.001,,,,,base,temporal.sage.base.s2,a64a16e,elliptic_pp,281caef1ade34e42aecd51bf2ab1e8a8,abhinawap,/home/abhinawap/StudySes/mulegraph/.venv/bin/mulegraph,sage,temporal,LOCAL,none,f576c23d95a59084,2023.1,child
c4deadde86b54313b3c11def939d45b8,1,FINISHED,/home/abhinawap/StudySes/mulegraph/mlruns/1/c4deadde86b54313b3c11def939d45b8/artifacts,2026-09-15 15:12:57.908000+00:00,2026-09-15 15:12:57.974000+00:00,48.0,828.0,0.9079707301394406,0.6577840112201964,0.9274052977561951,18.38887293300013,0.915929203539823,0.9040515173482798,13123.0,0.8699186991869918,0.6642997820791625,0.7842809364548495,0.5664251207729468,,0.21924603174603174,,sage_default_2x64,,neighbor,0,1,,cuda,20,200,0.0,2,True,64,0.2,0.001,,,,,base,temporal.sage.base.s1,a64a16e,elliptic_pp,281caef1ade34e42aecd51bf2ab1e8a8,abhinawap,/home/abhinawap/StudySes/mulegraph/.venv/bin/mulegraph,sage,temporal,LOCAL,none,f576c23d95a59084,2023.1,child
e54405aae46d466583677213d75f062e,1,FINISHED,/home/abhinawap/StudySes/mulegraph/mlruns/1/e54405aae46d466583677213d75f062e/artifacts,2026-09-15 15:12:41.123000+00:00,2026-09-15 15:12:41.151000+00:00,63.0,828.0,0.8918715112846252,0.5802226588081205,0.9000017642974854,19.525843573999737,0.7040816326530612,0.895370894260068,13123.0,0.8559837728194726,0.5570421178080538,0.6337625178826896,0.535024154589372,,0.2187396898713296,,sage_default_2x64,,neighbor,0,0,,cuda,20,200,0.0,2,True,64,0.2,0.001,,,,,base,temporal.sage.base.s0,a64a16e,elliptic_pp,281caef1ade34e42aecd51bf2ab1e8a8,abhinawap,/home/abhinawap/StudySes/mulegraph/.venv/bin/mulegraph,sage,temporal,LOCAL,none,f576c23d95a59084,2023.1,child
2b30a5b17efd44f6b6df37c6586d768b,1,FINISHED,/home/abhinawap/StudySes/mulegraph/mlruns/1/2b30a5b17efd44f6b6df37c6586d768b/artifacts,2026-09-15 15:12:23.208000+00:00,2026-09-15 15:12:23.251000+00:00,182.0,828.0,0.9586351655543043,0.718299164768413,0.9708261489868164,1.0188696959994559,0.9975903614457832,0.8748915057179286,13123.0,0.9382716049382716,0.7148052327148748,0.967280163599182,0.571256038647343,,0.1588785046728972,,xgboost_defaults,1000,none,0,4,50,cuda,,,,,,,,,,,,,base_gfp,temporal.xgb.base_gfp.s4,a64a16e,elliptic_pp,281caef1ade34e42aecd51bf2ab1e8a8,abhinawap,/home/abhinawap/StudySes/mulegraph/.venv/bin/mulegraph,xgb,temporal,LOCAL,d6e912c8fcb83f3b,f576c23d95a59084,2023.1,child
c1a7f45c442f42b2abf3dd99e2645a1d,1,FINISHED,/home/abhinawap/StudySes/mulegraph/mlruns/1/c1a7f45c442f42b2abf3dd99e2645a1d/artifacts,2026-09-15 15:12:22.057000+00:00,2026-09-15 15:12:22.134000+00:00,182.0,828.0,0.9586351655543043,0.718299164768413,0.9708261489868164,1.062454219000756,0.9975903614457832,0.8748915057179286,13123.0,0.9382716049382716,0.7148052327148748,0.967280163599182,0.571256038647343,,0.1588785046728972,,xgboost_defaults,1000,none,0,3,50,cuda,,,,,,,,,,,,,base_gfp,temporal.xgb.base_gfp.s3,a64a16e,elliptic_pp,281caef1ade34e42aecd51bf2ab1e8a8,abhinawap,/home/abhinawap/StudySes/mulegraph/.venv/bin/mulegraph,xgb,temporal,LOCAL,d6e912c8fcb83f3b,f576c23d95a59084,2023.1,child
00f793954f3b48268e1d53d37dc8c399,1,FINISHED,/home/abhinawap/StudySes/mulegraph/mlruns/1/00f793954f3b48268e1d53d37dc8c399/artifacts,2026-09-15 15:12:20.871000+00:00,2026-09-15 15:12:20.938000+00:00,182.0,828.0,0.9586351655543043,0.718299164768413,0.9708261489868164,1.043070458999864,0.9975903614457832,0.8748915057179286,13123.0,0.9382716049382716,0.7148052327148748,0.967280163599182,0.571256038647343,,0.1588785046728972,,xgboost_defaults,1000,none,0,2,50,cuda,,,,,,,,,,,,,base_gfp,temporal.xgb.base_gfp.s2,a64a16e,elliptic_pp,281caef1ade34e42aecd51bf2ab1e8a8,abhinawap,/home/abhinawap/StudySes/mulegraph/.venv/bin/mulegraph,xgb,temporal,LOCAL,d6e912c8fcb83f3b,f576c23d95a59084,2023.1,child
3857e0c28c904f25be6f52b699607528,1,FINISHED,/home/abhinawap/StudySes/mulegraph/mlruns/1/3857e0c28c904f25be6f52b699607528/artifacts,2026-09-15 15:12:19.704000+00:00,2026-09-15 15:12:19.773000+00:00,182.0,828.0,0.9586351655543043,0.718299164768413,0.9708261489868164,1.0388377319995925,0.9975903614457832,0.8748915057179286,13123.0,0.9382716049382716,0.7148052327148748,0.967280163599182,0.571256038647343,,0.1588785046728972,,xgboost_defaults,1000,none,0,1,50,cuda,,,,,,,,,,,,,base_gfp,temporal.xgb.base_gfp.s1,a64a16e,elliptic_pp,281caef1ade34e42aecd51bf2ab1e8a8,abhinawap,/home/abhinawap/StudySes/mulegraph/.venv/bin/mulegraph,xgb,temporal,LOCAL,d6e912c8fcb83f3b,f576c23d95a59084,2023.1,child
a8c5e416f95e432c897884a38f22a32f,1,FINISHED,/home/abhinawap/StudySes/mulegraph/mlruns/1/a8c5e416f95e432c897884a38f22a32f/artifacts,2026-09-15 15:12:18.539000+00:00,2026-09-15 15:12:18.612000+00:00,182.0,828.0,0.9586351655543043,0.718299164768413,0.9708261489868164,1.0097896960005528,0.9975903614457832,0.8748915057179286,13123.0,0.9382716049382716,0.7148052327148748,0.967280163599182,0.571256038647343,,0.1588785046728972,,xgboost_defaults,1000,none,0,0,50,cuda,,,,,,,,,,,,,base_gfp,temporal.xgb.base_gfp.s0,a64a16e,elliptic_pp,281caef1ade34e42aecd51bf2ab1e8a8,abhinawap,/home/abhinawap/StudySes/mulegraph/.venv/bin/mulegraph,xgb,temporal,LOCAL,d6e912c8fcb83f3b,f576c23d95a59084,2023.1,child
c09bee8541e84d24b8a865c8260d9880,1,FINISHED,/home/abhinawap/StudySes/mulegraph/mlruns/1/c09bee8541e84d24b8a865c8260d9880/artifacts,2026-09-15 15:12:17.450000+00:00,2026-09-15 15:12:17.476000+00:00,59.0,828.0,0.959444297262492,0.7215007215007215,0.8715395331382751,0.5427625000002081,0.9833729216152018,0.9106901002528422,13123.0,0.9308943089430894,0.7264431258771145,0.8960573476702509,0.6038647342995169,,0.19592198581560283,,xgboost_defaults,1000,none,0,4,50,cuda,,,,,,,,,,,,,base,temporal.xgb.base.s4,a64a16e,elliptic_pp,281caef1ade34e42aecd51bf2ab1e8a8,abhinawap,/home/abhinawap/StudySes/mulegraph/.venv/bin/mulegraph,xgb,temporal,LOCAL,none,f576c23d95a59084,2023.1,child
675f095376c14c7ab70ad58fb73824e8,1,FINISHED,/home/abhinawap/StudySes/mulegraph/mlruns/1/675f095376c14c7ab70ad58fb73824e8/artifacts,2026-09-15 15:12:16.778000+00:00,2026-09-15 15:12:16.858000+00:00,59.0,828.0,0.959444297262492,0.7215007215007215,0.8715395331382751,0.5305267100002311,0.9833729216152018,0.9106901002528422,13123.0,0.9308943089430894,0.7264431258771145,0.8960573476702509,0.6038647342995169,,0.19592198581560283,,xgboost_defaults,1000,none,0,3,50,cuda,,,,,,,,,,,,,base,temporal.xgb.base.s3,a64a16e,elliptic_pp,281caef1ade34e42aecd51bf2ab1e8a8,abhinawap,/home/abhinawap/StudySes/mulegraph/.venv/bin/mulegraph,xgb,temporal,LOCAL,none,f576c23d95a59084,2023.1,child
566abfdbb605403e89916e4295f61812,1,FINISHED,/home/abhinawap/StudySes/mulegraph/mlruns/1/566abfdbb605403e89916e4295f61812/artifacts,2026-09-15 15:12:16.127000+00:00,2026-09-15 15:12:16.202000+00:00,59.0,828.0,0.959444297262492,0.7215007215007215,0.8715395331382751,0.5120099530004154,0.9833729216152018,0.9106901002528422,13123.0,0.9308943089430894,0.7264431258771145,0.8960573476702509,0.6038647342995169,,0.19592198581560283,,xgboost_defaults,1000,none,0,2,50,cuda,,,,,,,,,,,,,base,temporal.xgb.base.s2,a64a16e,elliptic_pp,281caef1ade34e42aecd51bf2ab1e8a8,abhinawap,/home/abhinawap/StudySes/mulegraph/.venv/bin/mulegraph,xgb,temporal,LOCAL,none,f576c23d95a59084,2023.1,child
8c77af9ca1cf4a8f94c5f3d54611f52c,1,FINISHED,/home/abhinawap/StudySes/mulegraph/mlruns/1/8c77af9ca1cf4a8f94c5f3d54611f52c/artifacts,2026-09-15 15:12:15.506000+00:00,2026-09-15 15:12:15.572000+00:00,59.0,828.0,0.959444297262492,0.7215007215007215,0.8715395331382751,0.5345592509993367,0.9833729216152018,0.9106901002528422,13123.0,0.9308943089430894,0.7264431258771145,0.8960573476702509,0.6038647342995169,,0.19592198581560283,,xgboost_defaults,1000,none,0,1,50,cuda,,,,,,,,,,,,,base,temporal.xgb.base.s1,a64a16e,elliptic_pp,281caef1ade34e42aecd51bf2ab1e8a8,abhinawap,/home/abhinawap/StudySes/mulegraph/.venv/bin/mulegraph,xgb,temporal,LOCAL,none,f576c23d95a59084,2023.1,child
1e0b53cd6e0445a4a593c217bf74d119,1,FINISHED,/home/abhinawap/StudySes/mulegraph/mlruns/1/1e0b53cd6e0445a4a593c217bf74d119/artifacts,2026-09-15 15:12:14.865000+00:00,2026-09-15 15:12:14.931000+00:00,59.0,828.0,0.959444297262492,0.7215007215007215,0.8715395331382751,0.5319225230005031,0.9833729216152018,0.9106901002528422,13123.0,0.9308943089430894,0.7264431258771145,0.8960573476702509,0.6038647342995169,,0.19592198581560283,,xgboost_defaults,1000,none,0,0,50,cuda,,,,,,,,,,,,,base,temporal.xgb.base.s0,a64a16e,elliptic_pp,281caef1ade34e42aecd51bf2ab1e8a8,abhinawap,/home/abhinawap/StudySes/mulegraph/.venv/bin/mulegraph,xgb,temporal,LOCAL,none,f576c23d95a59084,2023.1,child
e0515816714b47269c71846c9f6094b2,1,FINISHED,/home/abhinawap/StudySes/mulegraph/mlruns/1/e0515816714b47269c71846c9f6094b2/artifacts,2026-09-15 15:12:14.215000+00:00,2026-09-15 15:12:14.289000+00:00,98.0,682.0,0.9874967080108566,0.9590643274853801,0.27313119173049927,0.9688601580000977,1.0,0.9970534907968696,6985.0,0.9616519174041299,0.990981027617838,0.956268221574344,0.9618768328445748,,1.0,,xgboost_defaults,1000,none,0,4,50,cuda,,,,,,,,,,,,,raw165,random.xgb.raw165.s4,a64a16e,elliptic_pp,281caef1ade34e42aecd51bf2ab1e8a8,abhinawap,/home/abhinawap/StudySes/mulegraph/.venv/bin/mulegraph,xgb,random,LOCAL,none,408c823763f1f17f,2023.1,child
7d6af272aae2449bb89c5f0297c0d8c9,1,FINISHED,/home/abhinawap/StudySes/mulegraph/mlruns/1/7d6af272aae2449bb89c5f0297c0d8c9/artifacts,2026-09-15 15:12:13.114000+00:00,2026-09-15 15:12:13.183000+00:00,98.0,682.0,0.9874967080108566,0.9590643274853801,0.27313119173049927,0.9544089510000049,1.0,0.9970534907968696,6985.0,0.9616519174041299,0.990981027617838,0.956268221574344,0.9618768328445748,,1.0,,xgboost_defaults,1000,none,0,3,50,cuda,,,,,,,,,,,,,raw165,random.xgb.raw165.s3,a64a16e,elliptic_pp,281caef1ade34e42aecd51bf2ab1e8a8,abhinawap,/home/abhinawap/StudySes/mulegraph/.venv/bin/mulegraph,xgb,random,LOCAL,none,408c823763f1f17f,2023.1,child
bb32aa2b8e6944f7bb71802aa919d249,1,FINISHED,/home/abhinawap/StudySes/mulegraph/mlruns/1/bb32aa2b8e6944f7bb71802aa919d249/artifacts,2026-09-15 15:12:12.078000+00:00,2026-09-15 15:12:12.106000+00:00,98.0,682.0,0.9874967080108566,0.9590643274853801,0.27313119173049927,0.9318457210001725,1.0,0.9970534907968696,6985.0,0.9616519174041299,0.990981027617838,0.956268221574344,0.9618768328445748,,1.0,,xgboost_defaults,1000,none,0,2,50,cuda,,,,,,,,,,,,,raw165,random.xgb.raw165.s2,a64a16e,elliptic_pp,281caef1ade34e42aecd51bf2ab1e8a8,abhinawap,/home/abhinawap/StudySes/mulegraph/.venv/bin/mulegraph,xgb,random,LOCAL,none,408c823763f1f17f,2023.1,child
add45ba6ce9f42eba3b797ab7cc417ed,1,FINISHED,/home/abhinawap/StudySes/mulegraph/mlruns/1/add45ba6ce9f42eba3b797ab7cc417ed/artifacts,2026-09-15 15:12:11.026000+00:00,2026-09-15 15:12:11.098000+00:00,98.0,682.0,0.9874967080108566,0.9590643274853801,0.27313119173049927,0.9564671090001866,1.0,0.9970534907968696,6985.0,0.9616519174041299,0.990981027617838,0.956268221574344,0.9618768328445748,,1.0,,xgboost_defaults,1000,none,0,1,50,cuda,,,,,,,,,,,,,raw165,random.xgb.raw165.s1,a64a16e,elliptic_pp,281caef1ade34e42aecd51bf2ab1e8a8,abhinawap,/home/abhinawap/StudySes/mulegraph/.venv/bin/mulegraph,xgb,random,LOCAL,none,408c823763f1f17f,2023.1,child
ddf2bd937f0e443ea1eb51bf27843248,1,FINISHED,/home/abhinawap/StudySes/mulegraph/mlruns/1/ddf2bd937f0e443ea1eb51bf27843248/artifacts,2026-09-15 15:12:09.958000+00:00,2026-09-15 15:12:10.022000+00:00,98.0,682.0,0.9874967080108566,0.9590643274853801,0.27313119173049927,1.1625564559999475,1.0,0.9970534907968696,6985.0,0.9616519174041299,0.990981027617838,0.956268221574344,0.9618768328445748,,1.0,,xgboost_defaults,1000,none,0,0,50,cuda,,,,,,,,,,,,,raw165,random.xgb.raw165.s0,a64a16e,elliptic_pp,281caef1ade34e42aecd51bf2ab1e8a8,abhinawap,/home/abhinawap/StudySes/mulegraph/.venv/bin/mulegraph,xgb,random,LOCAL,none,408c823763f1f17f,2023.1,child
1156aea1e6bd42f196ef4e5b4e3d02dc,1,FINISHED,/home/abhinawap/StudySes/mulegraph/mlruns/1/1156aea1e6bd42f196ef4e5b4e3d02dc/artifacts,2026-09-15 15:12:08.671000+00:00,2026-09-15 15:12:08.749000+00:00,131.0,682.0,0.9490981637401734,0.9134328358208955,0.8942565321922302,42.56399761600005,0.9941690962099126,0.9889809488848349,6985.0,0.9016641452344932,0.9542680509880611,0.9300911854103343,0.8973607038123167,,0.9732620320855615,,sage_default_2x64,,neighbor,0,4,,cuda,20,200,0.0,2,True,64,0.2,0.001,,,,,base_gfp,random.sage.base_gfp.s4,a64a16e,elliptic_pp,281caef1ade34e42aecd51bf2ab1e8a8,abhinawap,/home/abhinawap/StudySes/mulegraph/.venv/bin/mulegraph,sage,random,LOCAL,d6e912c8fcb83f3b,408c823763f1f17f,2023.1,child
63a40c4ab42d426c9f999cb73db0c317,1,FINISHED,/home/abhinawap/StudySes/mulegraph/mlruns/1/63a40c4ab42d426c9f999cb73db0c317/artifacts,2026-09-15 15:11:27.791000+00:00,2026-09-15 15:11:27.819000+00:00,74.0,682.0,0.9428982007371342,0.9064856711915535,0.8281056880950928,25.604669897999884,0.9912790697674418,0.9874683795781276,6985.0,0.8902346707040121,0.9481479286007616,0.9332298136645962,0.8812316715542522,,0.975,,sage_default_2x64,,neighbor,0,3,,cuda,20,200,0.0,2,True,64,0.2,0.001,,,,,base_gfp,random.sage.base_gfp.s3,a64a16e,elliptic_pp,281caef1ade34e42aecd51bf2ab1e8a8,abhinawap,/home/abhinawap/StudySes/mulegraph/.venv/bin/mulegraph,sage,random,LOCAL,d6e912c8fcb83f3b,408c823763f1f17f,2023.1,child
47c71b8a65a741039960b58303187c9c,1,FINISHED,/home/abhinawap/StudySes/mulegraph/mlruns/1/47c71b8a65a741039960b58303187c9c/artifacts,2026-09-15 15:11:03.770000+00:00,2026-09-15 15:11:03.803000+00:00,151.0,682.0,0.9518612866902466,0.8949301983835415,0.8572807908058167,52.060413702000005,0.9941690962099126,0.988897783162419,6985.0,0.9019316493313521,0.9530432153704798,0.8969072164948454,0.8929618768328446,,0.975,,sage_default_2x64,,neighbor,0,2,,cuda,20,200,0.0,2,True,64,0.2,0.001,,,,,base_gfp,random.sage.base_gfp.s2,a64a16e,elliptic_pp,281caef1ade34e42aecd51bf2ab1e8a8,abhinawap,/home/abhinawap/StudySes/mulegraph/.venv/bin/mulegraph,sage,random,LOCAL,d6e912c8fcb83f3b,408c823763f1f17f,2023.1,child
3c9d0c10ad224aa4b4855324349801c4,1,FINISHED,/home/abhinawap/StudySes/mulegraph/mlruns/1/3c9d0c10ad224aa4b4855324349801c4/artifacts,2026-09-15 15:10:15.029000+00:00,2026-09-15 15:10:15.109000+00:00,115.0,682.0,0.9461987237252635,0.9001536098310292,0.9424233436584473,42.48521506999987,1.0,0.9896101004828032,6985.0,0.9014740108611327,0.9533680572838419,0.9451612903225807,0.8592375366568915,,0.9663716814159292,,sage_default_2x64,,neighbor,0,1,,cuda,20,200,0.0,2,True,64,0.2,0.001,,,,,base_gfp,random.sage.base_gfp.s1,a64a16e,elliptic_pp,281caef1ade34e42aecd51bf2ab1e8a8,abhinawap,/home/abhinawap/StudySes/mulegraph/.venv/bin/mulegraph,sage,random,LOCAL,d6e912c8fcb83f3b,408c823763f1f17f,2023.1,child
c332e57a785541c384bca5c017d7544d,1,FINISHED,/home/abhinawap/StudySes/mulegraph/mlruns/1/c332e57a785541c384bca5c017d7544d/artifacts,2026-09-15 15:09:34.081000+00:00,2026-09-15 15:09:34.160000+00:00,121.0,682.0,0.9500610250159421,0.8996226415094339,0.8591464757919312,39.504398657999445,0.9970760233918129,0.989141580860578,6985.0,0.8942965779467681,0.9527368638888725,0.926905132192846,0.873900293255132,,0.9698046181172292,,sage_default_2x64,,neighbor,0,0,,cuda,20,200,0.0,2,True,64,0.2,0.001,,,,,base_gfp,random.sage.base_gfp.s0,a64a16e,elliptic_pp,281caef1ade34e42aecd51bf2ab1e8a8,abhinawap,/home/abhinawap/StudySes/mulegraph/.venv/bin/mulegraph,sage,random,LOCAL,d6e912c8fcb83f3b,408c823763f1f17f,2023.1,child
6c00f92a635e4ae3b8252b186837e169,1,FINISHED,/home/abhinawap/StudySes/mulegraph/mlruns/1/6c00f92a635e4ae3b8252b186837e169/artifacts,2026-09-15 15:08:56.155000+00:00,2026-09-15 15:08:56.232000+00:00,87.0,682.0,0.9423267019111888,0.9112781954887218,0.7748230695724487,30.97831274100008,0.9941690962099126,0.990766627445014,6985.0,0.8952959028831563,0.9587375609049863,0.9351851851851852,0.8885630498533724,,0.9873417721518988,,sage_default_2x64,,neighbor,0,4,,cuda,20,200,0.0,2,True,64,0.2,0.001,,,,,base,random.sage.base.s4,a64a16e,elliptic_pp,281caef1ade34e42aecd51bf2ab1e8a8,abhinawap,/home/abhinawap/StudySes/mulegraph/.venv/bin/mulegraph,sage,random,LOCAL,none,408c823763f1f17f,2023.1,child
6980e84f6b7948f99069f89f9f0ecef6,1,FINISHED,/home/abhinawap/StudySes/mulegraph/mlruns/1/6980e84f6b7948f99069f89f9f0ecef6/artifacts,2026-09-15 15:08:26.742000+00:00,2026-09-15 15:08:26.827000+00:00,130.0,682.0,0.9440702263301324,0.9090909090909091,0.9293563365936279,41.785855669999364,0.9941690962099126,0.9902922920380045,6985.0,0.8949843260188088,0.9592197069908057,0.9669421487603306,0.8577712609970675,,0.9909255898366606,,sage_default_2x64,,neighbor,0,3,,cuda,20,200,0.0,2,True,64,0.2,0.001,,,,,base,random.sage.base.s3,a64a16e,elliptic_pp,281caef1ade34e42aecd51bf2ab1e8a8,abhinawap,/home/abhinawap/StudySes/mulegraph/.venv/bin/mulegraph,sage,random,LOCAL,none,408c823763f1f17f,2023.1,child
3c92d01793204c69be09f96b0fbb6ede,1,FINISHED,/home/abhinawap/StudySes/mulegraph/mlruns/1/3c92d01793204c69be09f96b0fbb6ede/artifacts,2026-09-15 15:07:48.258000+00:00,2026-09-15 15:07:48.357000+00:00,96.0,682.0,0.9502267881982926,0.90625,0.7706437706947327,33.07159588200011,0.9941690962099126,0.9893171012453688,6985.0,0.9016393442622951,0.9553209981433252,0.9199395770392749,0.8929618768328446,,0.9873417721518988,,sage_default_2x64,,neighbor,0,2,,cuda,20,200,0.0,2,True,64,0.2,0.001,,,,,base,random.sage.base.s2,a64a16e,elliptic_pp,281caef1ade34e42aecd51bf2ab1e8a8,abhinawap,/home/abhinawap/StudySes/mulegraph/.venv/bin/mulegraph,sage,random,LOCAL,none,408c823763f1f17f,2023.1,child
99d4d244c0194ac49091c398626ecd05,1,FINISHED,/home/abhinawap/StudySes/mulegraph/mlruns/1/99d4d244c0194ac49091c398626ecd05/artifacts,2026-09-15 15:07:16.794000+00:00,2026-09-15 15:07:16.873000+00:00,140.0,682.0,0.9515939311448655,0.9108761329305136,0.7269005179405212,44.550332824999714,0.9941690962099126,0.9907349895757873,6985.0,0.9033707865168539,0.9610841772567646,0.9392523364485982,0.8841642228739003,,0.9837837837837838,,sage_default_2x64,,neighbor,0,1,,cuda,20,200,0.0,2,True,64,0.2,0.001,,,,,base,random.sage.base.s1,a64a16e,elliptic_pp,281caef1ade34e42aecd51bf2ab1e8a8,abhinawap,/home/abhinawap/StudySes/mulegraph/.venv/bin/mulegraph,sage,random,LOCAL,none,408c823763f1f17f,2023.1,child
6fbad489165e402da396c0e97410d8c0,1,FINISHED,/home/abhinawap/StudySes/mulegraph/mlruns/1/6fbad489165e402da396c0e97410d8c0/artifacts,2026-09-15 15:06:33.819000+00:00,2026-09-15 15:06:33.893000+00:00,134.0,682.0,0.9455424250045724,0.908955223880597,0.6849696040153503,42.454823385000054,0.9912790697674418,0.9909843704273391,6985.0,0.90187265917603,0.957620107875189,0.925531914893617,0.8929618768328446,,0.9820143884892086,,sage_default_2x64,,neighbor,0,0,,cuda,20,200,0.0,2,True,64,0.2,0.001,,,,,base,random.sage.base.s0,a64a16e,elliptic_pp,281caef1ade34e42aecd51bf2ab1e8a8,abhinawap,/home/abhinawap/StudySes/mulegraph/.venv/bin/mulegraph,sage,random,LOCAL,none,408c823763f1f17f,2023.1,child
78e6df005fed4a318f8e13d3a57932fc,1,FINISHED,/home/abhinawap/StudySes/mulegraph/mlruns/1/78e6df005fed4a318f8e13d3a57932fc/artifacts,2026-09-15 15:05:51.027000+00:00,2026-09-15 15:05:51.100000+00:00,165.0,682.0,0.9804380920980631,0.9495861550037622,0.5456243753433228,1.0031376580000142,1.0,0.9969260087943971,6985.0,0.9434815373021854,0.9868653520488493,0.9752704791344667,0.9252199413489736,,1.0,,xgboost_defaults,1000,none,0,4,50,cuda,,,,,,,,,,,,,base_gfp,random.xgb.base_gfp.s4,a64a16e,elliptic_pp,281caef1ade34e42aecd51bf2ab1e8a8,abhinawap,/home/abhinawap/StudySes/mulegraph/.venv/bin/mulegraph,xgb,random,LOCAL,d6e912c8fcb83f3b,408c823763f1f17f,2023.1,child
78d9d3c1983049a3af0287aec46250f1,1,FINISHED,/home/abhinawap/StudySes/mulegraph/mlruns/1/78d9d3c1983049a3af0287aec46250f1/artifacts,2026-09-15 15:05:49.890000+00:00,2026-09-15 15:05:49.961000+00:00,165.0,682.0,0.9804380920980631,0.9495861550037622,0.5456243753433228,1.0454034920003323,1.0,0.9969260087943971,6985.0,0.9434815373021854,0.9868653520488493,0.9752704791344667,0.9252199413489736,,1.0,,xgboost_defaults,1000,none,0,3,50,cuda,,,,,,,,,,,,,base_gfp,random.xgb.base_gfp.s3,a64a16e,elliptic_pp,281caef1ade34e42aecd51bf2ab1e8a8,abhinawap,/home/abhinawap/StudySes/mulegraph/.venv/bin/mulegraph,xgb,random,LOCAL,d6e912c8fcb83f3b,408c823763f1f17f,2023.1,child
ff832956ed58466190c3b7b32096ff9e,1,FINISHED,/home/abhinawap/StudySes/mulegraph/mlruns/1/ff832956ed58466190c3b7b32096ff9e/artifacts,2026-09-15 15:05:48.720000+00:00,2026-09-15 15:05:48.790000+00:00,165.0,682.0,0.9804380920980631,0.9495861550037622,0.5456243753433228,1.0641549390002183,1.0,0.9969260087943971,6985.0,0.9434815373021854,0.9868653520488493,0.9752704791344667,0.9252199413489736,,1.0,,xgboost_defaults,1000,none,0,2,50,cuda,,,,,,,,,,,,,base_gfp,random.xgb.base_gfp.s2,a64a16e,elliptic_pp,281caef1ade34e42aecd51bf2ab1e8a8,abhinawap,/home/abhinawap/StudySes/mulegraph/.venv/bin/mulegraph,xgb,random,LOCAL,d6e912c8fcb83f3b,408c823763f1f17f,2023.1,child
ad31c9b948b042f68ffc69ffee9bfc72,1,FINISHED,/home/abhinawap/StudySes/mulegraph/mlruns/1/ad31c9b948b042f68ffc69ffee9bfc72/artifacts,2026-09-15 15:05:48.152000+00:00,2026-09-15 15:05:48.229000+00:00,165.0,682.0,0.9804380920980631,0.9495861550037622,0.5456243753433228,1.0478367089999665,1.0,0.9969260087943971,6985.0,0.9434815373021854,0.9868653520488493,0.9752704791344667,0.9252199413489736,,1.0,,xgboost_defaults,1000,none,0,0,50,cuda,,,,,,,,,,,,,base_gfp,random.xgb.base_gfp.s0,a64a16e,elliptic_pp,281caef1ade34e42aecd51bf2ab1e8a8,abhinawap,/home/abhinawap/StudySes/mulegraph/.venv/bin/mulegraph,xgb,random,LOCAL,d6e912c8fcb83f3b,408c823763f1f17f,2023.1,child
af23233336a245f2bbe15e59615b73f5,1,FINISHED,/home/abhinawap/StudySes/mulegraph/mlruns/1/af23233336a245f2bbe15e59615b73f5/artifacts,2026-09-15 15:05:47.523000+00:00,2026-09-15 15:05:47.605000+00:00,165.0,682.0,0.9804380920980631,0.9495861550037622,0.5456243753433228,1.0298699510003644,1.0,0.9969260087943971,6985.0,0.9434815373021854,0.9868653520488493,0.9752704791344667,0.9252199413489736,,1.0,,xgboost_defaults,1000,none,0,1,50,cuda,,,,,,,,,,,,,base_gfp,random.xgb.base_gfp.s1,a64a16e,elliptic_pp,281caef1ade34e42aecd51bf2ab1e8a8,abhinawap,/home/abhinawap/StudySes/mulegraph/.venv/bin/mulegraph,xgb,random,LOCAL,d6e912c8fcb83f3b,408c823763f1f17f,2023.1,child
a3b26a2ef560409ab5a414b82ed6e09e,1,FINISHED,/home/abhinawap/StudySes/mulegraph/mlruns/1/a3b26a2ef560409ab5a414b82ed6e09e/artifacts,2026-09-15 15:05:46.956000+00:00,2026-09-15 15:05:47.028000+00:00,195.0,682.0,0.9805808649922023,0.9500756429652042,0.6896948218345642,1.0464309259996298,1.0,0.996932755104747,6985.0,0.9429657794676807,0.9873041423044565,0.98125,0.9208211143695014,,1.0,,xgboost_defaults,1000,none,0,4,50,cuda,,,,,,,,,,,,,base,random.xgb.base.s4,a64a16e,elliptic_pp,281caef1ade34e42aecd51bf2ab1e8a8,abhinawap,/home/abhinawap/StudySes/mulegraph/.venv/bin/mulegraph,xgb,random,LOCAL,none,408c823763f1f17f,2023.1,child
6b46ebf01e42409f92b09b611488e24b,1,FINISHED,/home/abhinawap/StudySes/mulegraph/mlruns/1/6b46ebf01e42409f92b09b611488e24b/artifacts,2026-09-15 15:05:45.776000+00:00,2026-09-15 15:05:45.836000+00:00,195.0,682.0,0.9805808649922023,0.9500756429652042,0.6896948218345642,1.1303690220001954,1.0,0.996932755104747,6985.0,0.9429657794676807,0.9873041423044565,0.98125,0.9208211143695014,,1.0,,xgboost_defaults,1000,none,0,3,50,cuda,,,,,,,,,,,,,base,random.xgb.base.s3,a64a16e,elliptic_pp,281caef1ade34e42aecd51bf2ab1e8a8,abhinawap,/home/abhinawap/StudySes/mulegraph/.venv/bin/mulegraph,xgb,random,LOCAL,none,408c823763f1f17f,2023.1,child
b2b1fa78da25423c990dff6c3ca72398,1,FINISHED,/home/abhinawap/StudySes/mulegraph/mlruns/1/b2b1fa78da25423c990dff6c3ca72398/artifacts,2026-09-15 15:05:44.572000+00:00,2026-09-15 15:05:44.603000+00:00,195.0,682.0,0.9805808649922023,0.9500756429652042,0.6896948218345642,1.0530195119999917,1.0,0.996932755104747,6985.0,0.9429657794676807,0.9873041423044565,0.98125,0.9208211143695014,,1.0,,xgboost_defaults,1000,none,0,2,50,cuda,,,,,,,,,,,,,base,random.xgb.base.s2,a64a16e,elliptic_pp,281caef1ade34e42aecd51bf2ab1e8a8,abhinawap,/home/abhinawap/StudySes/mulegraph/.venv/bin/mulegraph,xgb,random,LOCAL,none,408c823763f1f17f,2023.1,child
4db509108c434423bcceba1aa072cddf,1,FINISHED,/home/abhinawap/StudySes/mulegraph/mlruns/1/4db509108c434423bcceba1aa072cddf/artifacts,2026-09-15 15:05:43.404000+00:00,2026-09-15 15:05:43.468000+00:00,195.0,682.0,0.9805808649922023,0.9500756429652042,0.6896948218345642,1.1590731280002728,1.0,0.996932755104747,6985.0,0.9429657794676807,0.9873041423044565,0.98125,0.9208211143695014,,1.0,,xgboost_defaults,1000,none,0,1,50,cuda,,,,,,,,,,,,,base,random.xgb.base.s1,a64a16e,elliptic_pp,281caef1ade34e42aecd51bf2ab1e8a8,abhinawap,/home/abhinawap/StudySes/mulegraph/.venv/bin/mulegraph,xgb,random,LOCAL,none,408c823763f1f17f,2023.1,child
1a6c43fc254c451d92abbe21b32640c8,1,FINISHED,/home/abhinawap/StudySes/mulegraph/mlruns/1/1a6c43fc254c451d92abbe21b32640c8/artifacts,2026-09-15 15:05:42.166000+00:00,2026-09-15 15:05:42.197000+00:00,195.0,682.0,0.9805808649922023,0.9500756429652042,0.6896948218345642,1.5720916620002754,1.0,0.996932755104747,6985.0,0.9429657794676807,0.9873041423044565,0.98125,0.9208211143695014,,1.0,,xgboost_defaults,1000,none,0,0,50,cuda,,,,,,,,,,,,,base,random.xgb.base.s0,a64a16e,elliptic_pp,281caef1ade34e42aecd51bf2ab1e8a8,abhinawap,/home/abhinawap/StudySes/mulegraph/.venv/bin/mulegraph,xgb,random,LOCAL,none,408c823763f1f17f,2023.1,child
281caef1ade34e42aecd51bf2ab1e8a8,1,FINISHED,/home/abhinawap/StudySes/mulegraph/mlruns/1/281caef1ade34e42aecd51bf2ab1e8a8/artifacts,2026-09-15 15:05:40.460000+00:00,2026-09-15 15:15:15.803000+00:00,,,,,,,,,,,,,,,,,,,,0,,,cuda,,,,,,,,,d6e912c8fcb83f3b,"[0, 1, 2, 3, 4]",50,2023.1,,elliptic_mvp.a64a16e,a64a16e,elliptic_pp,,abhinawap,/home/abhinawap/StudySes/mulegraph/.venv/bin/mulegraph,,,LOCAL,,,,parent
